,NumericOp,DialTable,MechPrin,GenMech,SpeedID,PatternComp,VisualPurs,Decoding,InstrComp,SpatialOrient,SpeedMark,Logbook,RotaryPurs,PlaneCntr,DiscrReation,NutBolt,ReactionT,RateMove
1,4.5,5.6,4.8,4.3,4.7,5.3,5.1,3.8,2.6,6.1,4.4,3.2,4.3,2.5,3.7,4.3,3.3,3.7
2,2.7,2.8,4.5,3.5,2.7,4.4,3.3,1.5,2.9,3.5,3.6,1.7,3.9,3.9,3.4,4.7,5.0,4.5
3,3.2,4.1,3.2,3.3,3.7,4.4,3.3,2.1,3.0,4.6,2.4,3.0,4.0,3.7,3.8,3.2,2.8,3.7
4,3.4,2.3,5.3,3.2,3.9,2.4,2.2,3.2,4.4,2.2,3.0,3.9,3.4,3.4,4.2,4.0,3.4,3.2
5,2.2,3.8,3.2,1.4,3.8,3.8,3.2,4.5,3.1,3.9,3.2,1.9,4.1,2.5,2.1,2.4,3.6,2.7
6,2.1,2.7,3.8,3.5,3.9,2.8,3.1,4.5,2.6,4.3,3.7,4.9,1.9,3.3,2.5,4.2,1.9,0.9
7,3.4,4.9,3.4,5.0,4.4,4.1,3.0,6.1,4.0,3.6,4.2,4.1,3.7,4.3,3.1,3.3,2.4,3.4
8,2.8,3.7,3.3,4.0,2.7,3.3,5.4,2.9,3.9,3.9,2.6,3.7,5.2,3.3,2.1,3.2,2.6,4.8
9,3.2,4.8,4.6,4.5,1.6,4.6,3.9,1.9,4.5,4.7,2.7,3.1,3.5,4.4,5.9,4.5,2.0,4.1
10,4.0,4.6,3.7,3.6,3.3,4.1,3.4,4.0,5.8,2.9,3.2,2.7,4.2,4.5,3.7,4.3,3.8,3.8
11,5.0,3.4,4.4,4.3,4.5,4.8,0.8,4.1,2.6,3.6,5.3,5.4,3.9,4.8,6.0,3.2,3.0,3.6
12,5.7,2.5,3.3,3.1,4.6,2.5,2.5,3.0,3.6,2.0,5.4,4.4,2.5,2.7,2.4,0.9,3.9,3.1
13,4.4,3.8,2.7,4.0,4.1,5.1,5.4,3.4,2.5,5.1,4.2,4.6,2.9,4.5,4.7,3.3,3.0,2.7
14,2.9,4.3,6.6,3.1,2.3,2.3,3.5,3.7,3.5,3.9,3.0,1.4,2.8,1.6,3.1,3.8,4.1,5.0
15,3.8,2.1,3.8,4.3,2.9,2.6,2.8,1.8,2.7,2.2,2.9,3.3,3.4,2.1,3.8,3.7,2.1,2.4
16,2.2,1.8,3.1,4.6,4.0,2.5,4.4,2.8,2.7,3.5,1.5,3.6,3.1,4.2,3.5,3.1,1.5,2.2
17,4.2,3.5,3.1,4.0,6.1,4.0,4.5,4.3,1.5,5.3,4.7,5.4,2.0,2.6,3.3,3.4,4.3,2.4
18,3.7,3.6,3.2,3.2,3.6,3.8,4.1,3.6,3.0,3.7,3.0,4.9,2.9,3.3,1.8,3.9,2.6,3.0
19,4.6,5.0,3.4,3.5,3.4,5.0,4.6,4.2,4.2,4.8,3.8,4.8,4.4,5.0,4.1,2.2,3.3,4.2
20,5.1,2.4,3.3,4.8,3.4,1.2,2.4,4.3,4.7,2.5,4.3,3.6,2.0,1.4,3.4,4.3,2.0,3.3
21,3.1,4.9,1.2,2.1,2.3,5.1,3.8,2.7,3.0,3.3,2.0,2.1,2.6,3.5,3.8,3.0,4.8,3.5
22,5.0,3.2,2.2,4.7,5.0,1.4,1.2,5.2,4.4,2.2,5.4,4.7,3.1,3.0,3.5,4.7,4.0,2.3
23,5.0,4.5,3.6,2.0,4.0,3.8,3.0,4.1,4.3,4.1,4.2,5.1,3.2,3.7,3.0,3.8,3.4,4.8
24,4.1,4.0,2.7,5.0,3.5,3.8,3.3,2.9,4.6,3.5,3.8,3.4,5.2,1.7,2.0,3.2,2.5,2.8
25,3.9,2.3,3.2,3.4,3.8,1.4,2.8,2.9,2.4,4.7,4.4,4.4,5.3,4.5,4.4,4.5,5.1,2.9
26,4.1,3.6,4.3,5.1,4.9,3.7,2.4,4.5,3.9,3.0,4.4,6.3,4.4,3.9,3.3,4.1,4.5,2.8
27,2.8,2.1,2.0,3.6,4.4,3.2,3.3,3.7,2.9,2.5,3.7,2.0,4.0,3.3,3.3,1.2,2.4,3.7
28,1.5,3.1,4.2,3.2,2.7,3.8,5.4,2.6,3.1,3.9,2.2,3.9,3.6,3.0,3.0,4.1,4.0,4.3
29,2.3,3.3,3.1,1.7,2.2,5.1,2.0,2.0,2.7,4.0,3.1,2.8,4.7,4.0,3.3,4.2,4.8,4.0
30,3.1,4.0,2.2,3.0,3.2,4.3,5.3,2.3,3.0,4.4,3.7,4.2,3.9,3.0,4.9,2.3,3.9,2.6
31,3.7,3.2,3.4,4.4,3.0,2.4,3.9,2.0,4.0,3.7,3.9,1.9,3.6,3.7,3.4,4.0,3.2,2.2
32,2.3,2.1,1.9,2.6,4.2,2.7,4.1,3.0,2.0,2.5,3.3,4.5,4.8,4.0,3.8,2.6,6.4,5.5
33,3.5,4.0,2.9,2.4,2.5,3.0,2.6,3.8,3.2,2.1,3.6,3.3,3.4,3.4,4.6,3.3,2.6,2.8
34,3.2,4.1,3.9,1.1,3.4,3.8,3.9,4.6,2.0,4.2,3.8,4.6,2.3,3.9,4.3,3.4,3.0,2.5
35,3.4,2.3,3.2,4.2,3.2,1.6,1.5,3.3,3.1,3.5,3.7,3.5,4.7,3.9,3.0,3.8,3.5,4.5
36,3.4,2.4,2.8,3.1,2.9,3.5,3.9,1.8,2.2,3.5,3.5,3.6,1.7,1.5,1.6,3.4,2.5,1.1
37,2.7,4.5,2.4,4.2,2.9,4.4,4.4,2.6,2.7,5.0,1.5,3.0,2.6,3.1,4.3,4.9,4.6,4.6
38,4.1,4.4,4.7,3.4,3.2,2.0,4.5,4.2,4.7,3.0,4.4,3.9,3.7,4.4,4.8,4.2,4.3,5.1
39,5.0,4.5,1.6,2.8,3.2,3.6,3.3,4.1,3.9,4.5,4.8,2.6,3.4,3.4,2.7,3.6,3.6,3.5
40,2.5,2.6,4.2,3.2,3.2,2.7,3.2,3.4,2.8,2.5,2.1,2.0,4.4,5.1,3.4,2.8,4.4,4.1
41,4.8,4.0,3.4,3.6,4.1,2.6,3.4,4.0,3.7,4.2,3.6,3.9,3.4,5.0,4.0,3.8,4.2,2.8
42,3.5,4.4,2.4,2.4,4.4,3.4,3.4,5.8,4.5,3.5,4.5,3.0,4.7,3.3,2.6,1.9,4.7,1.5
43,3.6,3.9,2.9,3.4,2.4,2.8,3.8,3.0,3.8,3.6,3.2,3.0,2.9,3.3,4.3,3.6,2.1,3.0
44,4.3,3.0,3.4,5.3,4.4,3.0,5.8,3.4,3.8,3.4,5.2,4.4,4.2,2.9,3.1,4.5,3.0,2.3
45,3.6,5.2,1.9,2.6,2.8,4.3,3.5,3.8,4.3,4.2,2.6,2.9,5.4,4.8,4.0,2.9,6.6,5.8
46,2.4,3.4,2.5,3.7,3.5,3.4,4.0,4.1,1.9,2.6,3.2,2.2,4.3,4.0,2.6,3.4,3.2,1.7
47,3.2,4.3,4.8,3.8,2.3,4.7,4.1,2.9,3.6,2.9,2.1,2.8,3.2,4.3,3.7,4.6,2.4,3.3
48,2.3,4.2,4.5,3.0,3.0,4.7,4.0,2.2,3.4,5.1,2.7,2.4,2.6,2.7,1.7,2.9,2.1,2.7
49,4.1,3.7,3.3,2.6,2.7,2.6,4.0,3.4,5.1,3.0,2.9,3.3,6.3,4.7,2.5,2.8,3.5,4.6
50,2.7,2.8,3.8,5.1,1.9,3.2,3.0,2.2,4.2,2.2,2.0,1.8,4.9,5.1,3.7,6.1,2.7,6.2
51,4.5,3.9,5.3,5.2,4.8,2.2,3.2,3.9,4.6,2.8,1.8,3.2,4.5,3.7,2.4,4.1,3.2,3.0
52,3.2,3.7,4.8,4.1,3.6,4.8,2.3,3.7,2.6,3.1,4.4,4.7,5.1,4.8,3.7,2.5,3.8,4.6
53,3.8,2.0,3.9,4.1,3.8,2.2,1.3,3.8,2.2,2.5,3.4,2.5,4.1,4.3,3.7,2.1,4.1,2.9
54,3.8,4.5,4.7,5.5,3.8,4.1,3.7,4.3,3.7,4.9,3.2,2.9,4.3,3.7,2.4,4.7,4.3,2.8
55,2.9,2.4,2.6,3.5,3.7,3.5,0.0,3.5,3.5,3.2,4.2,3.5,3.5,3.1,2.8,4.3,3.9,4.3
56,3.5,3.3,4.5,3.3,4.0,3.3,3.5,4.1,3.1,3.7,3.1,4.4,2.9,4.6,3.1,4.8,3.1,3.5
57,3.4,4.2,5.1,4.3,3.2,3.5,4.2,4.0,4.3,3.6,3.5,3.2,1.5,1.9,2.8,3.1,2.4,2.7
58,4.4,4.9,2.6,2.5,5.5,4.9,2.0,5.2,3.6,3.8,4.6,5.5,2.0,3.0,4.1,1.9,3.3,4.0
59,2.4,2.7,4.9,1.9,3.3,2.7,2.9,3.3,3.1,3.4,4.6,3.8,2.7,4.7,4.4,2.9,3.9,6.0
60,3.3,4.3,3.3,3.8,3.6,3.9,3.2,4.4,3.2,3.2,2.5,2.7,4.5,2.7,3.3,4.4,2.5,3.5
61,4.0,5.2,3.3,3.7,4.6,4.5,3.5,5.2,6.3,3.0,3.9,3.3,3.0,2.5,4.2,2.9,5.4,2.8
62,5.8,3.9,4.7,4.0,5.4,3.3,3.3,4.2,5.1,4.1,4.2,5.2,3.1,5.4,2.9,4.0,3.3,3.4
63,2.7,2.7,3.2,2.8,2.6,3.6,1.7,1.9,3.5,2.7,4.6,2.8,2.7,3.1,3.4,2.4,3.6,2.9
64,2.5,0.5,4.3,4.2,4.0,1.1,1.3,2.6,2.1,1.9,4.4,4.1,2.4,3.4,1.9,4.5,1.5,4.1
65,3.6,2.0,4.8,4.2,3.8,1.7,2.7,2.5,2.8,4.6,4.2,2.8,5.1,3.6,2.8,3.7,5.2,3.9
66,4.6,2.2,4.5,4.9,2.7,1.9,0.3,3.6,4.2,1.3,3.7,3.5,4.8,4.6,2.9,4.9,5.5,3.1
67,3.2,4.4,2.3,4.0,4.1,4.9,4.9,3.2,3.6,3.9,3.9,2.4,3.3,3.3,5.7,3.6,4.3,5.5
68,4.7,4.8,3.3,3.1,4.8,2.9,3.5,5.5,5.0,4.0,5.2,5.1,5.7,3.1,2.4,3.5,4.5,2.7
69,3.1,3.8,3.3,2.8,1.9,4.7,3.3,1.5,2.9,3.5,1.6,1.8,3.5,3.4,2.8,1.7,4.0,3.1
70,3.3,3.1,4.0,4.5,2.4,1.1,2.5,3.0,4.7,1.5,2.5,3.2,5.3,5.4,5.3,4.1,4.0,4.7
71,2.6,4.4,4.0,3.1,3.6,3.3,3.8,4.1,4.0,5.0,2.7,3.0,3.4,5.4,4.8,4.7,4.9,3.4
72,3.4,4.8,3.9,5.3,2.4,4.3,3.8,4.6,4.6,2.9,3.1,4.0,3.9,4.3,3.1,4.8,3.6,2.7
73,2.3,2.1,3.6,3.4,2.7,2.6,3.4,2.5,3.1,3.0,3.1,2.9,5.7,4.6,4.1,2.9,5.1,4.5
74,3.2,2.0,2.8,3.1,3.0,3.3,3.9,2.5,3.0,3.1,4.0,3.7,4.3,2.2,3.8,3.6,3.6,2.6
75,3.0,3.7,2.9,2.9,2.3,3.7,3.2,3.9,2.6,3.2,3.7,2.5,4.8,3.2,2.2,2.4,4.7,4.1
76,5.0,5.7,1.9,2.9,1.9,4.1,3.5,2.4,5.4,5.7,2.9,2.0,4.1,3.9,2.8,2.8,4.0,5.0
77,4.2,3.8,1.9,3.2,1.3,2.6,4.2,2.9,4.8,1.9,3.2,4.6,3.7,2.5,3.2,3.6,2.5,3.8
78,4.0,3.8,3.5,2.7,5.4,4.6,4.6,3.7,3.6,4.6,5.3,6.1,2.7,2.7,2.4,2.5,3.1,3.6
79,4.5,2.9,3.7,3.4,4.5,2.4,2.5,3.9,3.6,2.3,5.2,4.4,5.6,5.3,5.0,3.1,4.4,4.2
80,2.5,2.4,3.2,3.6,4.6,2.0,1.2,4.1,2.8,2.9,3.5,3.9,4.3,3.0,1.8,3.5,2.7,1.9
81,2.7,3.1,1.5,3.8,1.7,3.8,3.1,1.4,2.8,4.7,2.0,3.1,2.8,4.2,4.9,3.9,4.5,2.8
82,2.8,2.4,2.9,4.8,3.7,2.7,3.1,3.9,1.1,3.8,4.4,4.3,3.8,2.6,1.9,5.2,2.9,4.7
83,2.2,3.1,3.5,3.9,3.5,3.2,4.2,2.1,2.3,3.4,2.9,3.5,3.1,2.8,3.1,2.7,4.0,4.1
84,3.8,2.1,2.9,3.0,5.3,3.3,3.5,4.2,2.5,3.1,4.7,5.9,4.3,2.2,2.7,3.0,3.0,4.2
85,4.7,3.3,4.7,4.6,3.6,3.9,3.5,3.7,2.6,3.2,4.2,3.9,2.9,2.8,3.5,4.3,4.1,3.7
86,2.6,4.3,1.7,4.5,2.7,3.0,3.2,3.1,4.9,4.5,2.8,2.4,3.9,3.3,4.0,2.3,4.0,3.4
87,3.3,3.1,3.1,3.7,4.6,3.2,2.5,5.0,3.1,4.4,4.6,3.1,2.2,4.0,3.7,4.7,3.1,2.2
88,3.7,4.7,1.9,2.7,1.9,3.7,3.8,4.9,5.6,2.8,3.7,2.8,3.5,5.8,5.0,2.7,3.4,6.1
89,5.1,3.6,2.2,2.5,4.2,3.0,4.4,4.0,3.7,3.8,4.9,6.0,5.1,4.9,4.6,1.6,3.7,3.8
90,2.2,2.8,3.7,4.3,3.5,3.6,3.9,2.3,2.2,3.7,3.0,2.9,5.7,3.2,1.6,4.3,3.9,3.5
91,3.3,2.4,3.5,3.4,3.3,3.4,3.4,3.2,2.6,2.6,3.3,2.5,3.5,3.4,3.2,2.9,2.9,3.4
92,3.9,4.5,2.6,2.6,2.0,3.7,3.7,2.7,4.7,3.2,4.3,4.4,2.0,2.6,3.0,1.8,2.8,2.9
93,4.6,4.4,3.2,4.0,3.5,4.7,4.8,2.7,4.4,5.9,2.7,3.7,3.6,3.3,3.3,4.0,4.1,3.1
94,2.7,3.9,4.6,1.2,2.8,3.6,4.3,4.6,3.4,3.5,1.7,3.2,3.6,6.1,4.5,0.1,3.2,4.5
95,3.1,2.0,3.7,2.8,4.2,2.0,2.6,3.6,3.1,2.7,4.9,2.9,3.2,4.2,1.6,2.8,5.0,4.1
96,3.7,1.3,2.9,1.7,2.1,1.7,3.7,1.8,3.5,2.4,2.6,3.3,4.3,5.3,4.4,1.9,5.1,5.0
97,1.4,1.3,5.0,3.8,2.8,2.5,2.9,2.8,1.2,2.0,4.0,2.9,4.1,3.8,4.1,2.3,2.3,3.1
98,2.7,4.3,2.1,3.1,4.8,3.7,4.9,5.1,3.0,5.3,3.4,3.6,2.8,2.9,1.8,3.7,2.8,3.8
99,2.8,4.3,2.1,2.3,3.4,3.4,4.3,4.4,3.3,4.1,2.5,3.0,4.0,3.8,3.0,2.9,4.6,2.3
100,2.3,2.4,2.7,3.2,2.2,2.4,2.6,1.9,3.6,2.6,2.0,2.9,4.3,3.1,3.9,3.4,3.6,4.1
101,2.9,3.0,4.2,3.4,3.7,3.8,3.6,2.3,1.9,5.4,4.6,3.2,3.7,2.8,4.2,3.8,3.6,4.3
102,1.4,4.1,1.9,2.5,2.3,4.6,3.8,3.3,3.0,4.8,2.8,1.4,4.1,3.2,2.1,3.8,3.9,1.0
103,5.3,5.6,2.0,2.2,4.3,3.7,4.0,5.8,5.4,3.9,3.1,3.6,3.1,3.1,2.6,1.8,1.1,3.1
104,2.9,3.9,2.8,4.2,3.0,4.8,3.8,3.8,3.2,3.3,2.6,2.8,2.8,1.5,1.1,4.3,2.5,2.9
105,3.2,3.3,4.0,4.5,3.3,2.9,2.3,3.8,4.1,3.4,2.9,3.4,1.0,4.1,3.6,1.9,2.8,3.4
106,2.1,3.2,3.4,3.6,3.9,3.6,5.0,3.2,2.4,5.3,2.7,2.7,2.6,4.5,3.4,3.2,2.3,3.1
107,4.9,3.4,1.8,4.1,4.5,2.5,2.3,4.4,4.5,2.7,4.4,4.1,4.7,4.1,4.1,2.6,4.4,3.7
108,3.6,2.9,2.7,2.1,2.3,2.9,2.6,2.7,3.4,3.8,4.4,3.2,3.3,2.1,2.1,3.2,2.2,3.2
109,4.2,3.2,2.3,3.0,4.3,2.2,3.8,4.9,2.2,3.3,4.4,4.9,2.8,2.7,2.5,2.6,2.3,3.0
110,2.7,3.9,3.3,3.8,3.4,4.2,4.3,3.6,3.2,4.1,3.0,3.8,2.7,3.4,3.5,4.9,4.1,2.3
111,5.4,4.0,3.7,4.8,5.4,4.2,4.2,5.4,3.7,4.6,6.5,4.9,2.8,2.4,3.2,3.8,3.8,2.5
112,4.8,4.1,1.9,1.0,2.5,2.3,2.9,3.1,4.9,4.3,4.7,4.1,3.4,4.0,4.0,2.5,4.0,3.3
113,3.6,4.8,2.5,3.6,3.4,4.7,5.1,3.5,3.6,4.4,2.5,1.9,4.4,4.8,5.2,4.2,3.9,5.3
114,2.5,4.6,2.9,4.0,2.0,5.8,3.3,2.2,4.6,4.5,3.6,3.0,4.7,5.2,4.5,4.0,4.0,5.2
115,3.1,2.5,3.1,2.4,3.1,3.2,4.5,3.2,3.1,2.4,1.5,3.0,0.4,1.5,2.1,3.5,0.7,1.7
116,4.7,2.6,3.6,2.4,2.8,2.9,3.5,2.5,3.5,2.1,3.6,3.1,3.9,3.3,4.3,4.0,5.0,2.3
117,4.0,2.8,4.8,5.0,4.1,3.9,2.4,2.5,3.1,3.5,5.6,3.4,3.5,2.4,2.4,3.3,1.6,3.4
118,2.5,3.8,2.7,2.2,3.2,3.6,3.0,4.8,3.8,4.1,3.3,2.1,3.6,3.2,3.8,2.3,4.3,2.9
119,4.3,4.5,3.3,2.5,4.3,4.6,3.6,5.2,5.1,3.4,3.9,4.8,5.0,3.3,4.0,2.9,5.0,4.5
120,3.8,3.8,3.6,3.2,4.3,3.2,2.7,4.0,3.0,4.0,3.3,2.5,4.3,5.6,3.8,4.7,3.2,2.9
121,3.6,4.3,1.6,2.3,3.7,4.0,3.2,4.0,2.3,4.1,4.3,3.1,4.4,3.3,3.7,3.5,4.1,3.6
122,3.4,4.4,3.7,3.6,3.7,3.3,3.5,5.6,4.5,2.6,4.6,3.8,5.2,3.1,2.6,2.8,4.4,3.4
123,2.7,4.6,3.3,3.9,3.8,5.1,4.0,3.8,3.9,4.3,2.8,3.2,4.5,2.4,2.8,2.9,2.8,3.2
124,3.9,2.8,4.4,2.4,2.6,1.2,3.5,3.8,2.6,2.8,3.3,3.5,4.1,2.4,2.1,4.1,3.2,2.1
125,4.2,2.8,4.0,4.6,2.8,3.3,2.0,2.1,4.2,3.0,4.7,4.2,3.6,4.0,3.7,3.6,3.2,3.5
126,3.0,2.9,3.8,3.0,2.1,3.7,2.5,1.7,4.3,2.2,4.2,2.7,4.5,4.8,3.0,3.6,3.9,3.2
127,3.6,3.9,3.1,2.8,1.4,3.4,5.0,2.4,3.1,4.8,2.7,1.1,3.8,4.6,4.5,2.0,4.1,5.7
128,4.7,2.1,3.4,2.7,3.5,2.7,4.3,3.0,2.2,3.2,5.6,5.3,4.3,3.2,2.0,2.7,2.9,2.9
129,4.4,4.8,1.9,2.7,3.6,3.1,2.3,6.3,4.7,2.5,4.6,4.4,3.4,2.6,1.6,2.5,2.0,4.9
130,4.0,3.6,5.4,5.0,3.8,2.8,5.1,3.6,4.7,3.0,3.2,3.0,2.8,3.4,1.4,5.1,1.3,1.8
131,3.3,3.9,3.3,2.4,3.2,3.2,2.8,2.9,3.8,4.0,2.2,3.8,3.5,3.5,4.4,4.0,3.8,3.8
132,4.6,3.4,3.4,4.3,3.7,3.3,2.5,3.7,4.0,3.8,4.4,4.8,2.6,3.8,3.5,4.0,3.8,4.2
133,3.4,3.5,3.8,3.6,2.8,3.9,3.3,2.8,4.7,3.1,4.1,3.4,4.3,2.4,2.3,3.3,3.1,2.7
134,3.1,4.1,3.9,2.5,2.2,3.5,3.6,2.9,4.4,4.2,2.5,3.6,4.3,6.1,4.9,2.7,4.5,4.4
135,3.6,3.0,3.7,4.7,5.7,2.4,2.0,4.2,3.8,3.5,3.8,3.7,3.6,1.8,2.7,4.7,3.2,3.8
136,3.3,1.7,4.1,2.4,3.5,3.5,4.4,1.4,2.9,2.0,3.5,3.0,4.8,4.9,3.7,2.6,4.3,3.3
137,2.9,4.3,2.8,2.7,5.8,4.3,4.1,4.7,3.2,4.9,3.5,4.7,4.2,1.4,1.3,3.3,2.3,2.4
138,3.4,3.4,4.2,5.2,3.8,4.1,3.8,3.0,4.3,2.7,3.0,3.0,3.4,4.2,2.9,5.9,4.0,3.7
139,2.4,3.8,4.3,2.4,3.1,3.4,5.0,2.4,5.4,3.5,1.4,2.2,2.8,3.4,3.1,3.5,1.5,3.2
140,5.2,4.1,5.2,5.6,4.9,5.3,3.3,4.2,3.4,3.5,4.0,3.6,4.9,3.7,3.4,5.6,3.5,3.1
141,1.2,2.6,3.1,4.1,1.2,3.1,3.2,1.9,1.4,3.9,2.4,1.6,1.6,2.2,4.0,3.7,2.7,3.4
142,4.2,4.9,2.6,2.0,2.6,4.5,3.3,3.3,4.6,4.2,1.8,2.7,4.6,1.8,1.9,2.2,2.0,4.1
143,3.2,2.6,3.2,4.6,5.1,2.1,2.6,3.5,3.4,3.0,4.4,5.4,3.9,1.8,3.7,2.4,3.3,4.4
144,5.8,4.2,3.8,4.4,3.9,4.8,2.9,3.5,4.1,3.4,6.7,6.4,3.1,2.6,2.9,4.7,4.7,3.3
145,5.1,2.9,3.6,3.2,3.3,4.2,2.0,3.0,3.1,2.2,3.9,3.0,1.0,2.5,3.7,3.7,2.2,4.2
146,2.7,1.8,5.7,3.2,2.9,2.1,3.9,2.6,2.9,1.7,2.8,2.1,3.9,3.3,2.7,4.3,4.1,2.5
147,4.7,2.7,3.0,3.9,3.2,1.9,4.0,3.7,2.8,3.5,2.9,3.1,1.7,3.3,2.4,4.1,3.3,3.1
148,5.2,2.9,3.4,4.2,3.9,2.6,2.3,4.0,3.8,2.8,5.0,3.9,4.4,3.1,2.9,4.6,2.7,3.5
149,3.8,2.3,3.9,3.4,4.4,2.9,3.0,4.1,2.5,2.9,4.2,4.6,4.1,3.3,4.1,1.1,3.3,3.6
150,2.7,2.2,4.4,4.0,2.0,4.1,3.9,2.3,1.7,2.9,3.7,2.0,4.0,3.6,0.0,3.0,2.5,2.1
151,3.3,4.7,5.1,4.5,1.3,2.7,4.4,2.5,4.3,3.4,2.8,3.1,3.1,4.0,2.2,4.4,2.4,3.7
152,2.0,3.0,4.5,2.9,1.9,3.5,2.9,1.7,3.8,3.3,2.2,3.0,4.2,2.7,3.8,4.3,3.2,4.9
153,2.0,4.9,2.2,3.8,2.6,4.2,3.0,3.7,4.6,3.8,3.7,2.7,3.5,1.6,3.3,3.3,1.9,2.4
154,3.3,4.0,4.3,3.9,3.7,4.1,3.9,2.7,3.2,4.2,3.0,3.5,2.8,5.8,3.7,3.7,5.4,2.7
155,3.2,3.8,3.3,2.9,4.9,4.5,1.7,4.0,3.2,3.5,3.0,1.8,2.3,4.4,5.7,3.0,5.5,3.9
156,3.0,4.6,5.1,3.5,2.2,4.4,4.8,2.9,3.8,5.3,2.9,2.3,2.5,3.0,5.2,4.6,4.2,2.9
157,3.0,3.8,3.9,3.6,4.9,5.0,2.8,4.5,5.1,3.5,3.8,4.8,2.9,2.0,2.1,3.6,2.5,4.0
158,3.7,4.5,2.6,3.0,4.6,3.8,4.0,5.7,3.6,5.0,4.7,3.9,4.0,3.7,2.5,2.2,2.8,4.3
159,2.2,4.0,4.7,2.4,3.1,3.5,2.5,3.6,4.1,4.1,3.5,3.4,2.9,2.3,2.0,4.5,4.8,3.1
160,4.8,2.6,1.7,3.2,3.9,2.1,1.8,4.5,4.1,1.3,4.2,5.0,1.2,2.7,2.9,2.8,3.8,3.0
161,4.7,4.2,3.2,5.3,2.8,4.7,3.2,3.5,4.5,3.6,2.7,4.4,3.3,4.5,3.7,4.2,4.4,3.6
162,2.1,4.3,2.4,3.3,0.9,5.0,3.5,1.3,3.1,4.6,1.4,0.7,2.7,1.3,3.8,3.4,3.3,2.9
163,4.6,4.1,4.4,4.5,2.4,4.2,5.0,3.0,4.0,5.2,3.3,3.6,3.4,3.3,2.4,5.3,2.2,3.4
164,1.5,2.7,4.4,5.8,2.5,3.4,1.9,2.2,4.3,2.1,2.4,2.3,4.1,3.7,3.5,5.8,3.8,3.9
165,3.5,3.8,4.0,4.1,2.9,2.9,3.0,3.4,4.6,4.0,1.4,2.8,0.2,2.7,4.1,4.2,4.2,4.0
166,4.5,2.2,4.7,4.1,3.2,3.8,3.1,0.6,3.9,3.7,3.9,3.7,4.3,5.4,4.4,5.0,3.5,4.2
167,3.5,3.3,3.9,3.2,3.0,4.1,4.3,1.9,2.4,2.7,3.4,3.7,3.1,3.2,2.9,3.7,3.4,1.3
168,2.3,3.9,3.8,3.7,4.0,3.4,3.9,3.2,4.3,5.3,3.8,3.6,2.1,5.2,4.0,3.0,3.0,3.4
169,3.5,4.8,2.5,0.9,1.8,4.8,4.6,3.1,3.8,3.8,2.5,3.9,3.1,3.6,4.3,1.7,4.1,2.8
170,3.8,3.4,3.8,2.7,4.9,3.3,3.4,3.5,3.6,3.3,4.9,5.2,3.6,3.4,3.5,2.8,4.1,3.9
171,3.1,4.5,3.6,5.1,4.3,3.7,1.6,4.1,3.8,4.1,2.4,2.6,2.8,2.6,1.8,4.1,2.8,1.5
172,3.9,2.7,2.4,5.4,3.7,2.4,2.9,3.4,3.4,3.5,4.1,3.2,4.3,4.6,4.5,4.4,3.8,5.0
173,4.6,2.5,4.1,4.2,4.0,2.8,2.7,3.1,3.7,2.4,3.9,4.2,4.1,3.6,2.4,3.7,3.5,1.0
174,4.6,2.0,3.5,4.4,5.2,2.2,3.6,4.8,2.6,1.4,3.2,5.5,2.2,2.4,2.2,4.6,4.2,2.1
175,3.7,3.5,3.7,4.4,4.5,3.4,5.7,4.0,3.8,4.4,3.5,4.1,4.1,3.7,2.4,3.7,3.7,3.2
176,5.1,4.2,4.7,4.2,4.4,3.6,3.2,5.0,3.2,2.8,3.8,4.9,5.0,5.1,5.4,3.7,4.7,4.7
177,3.0,2.9,3.2,4.7,3.4,3.2,2.6,3.5,4.5,2.0,2.7,3.6,3.0,2.7,1.5,4.2,0.8,2.3
178,3.5,3.8,4.3,3.8,3.7,3.0,3.5,3.9,4.4,4.3,3.6,2.6,3.0,2.7,2.9,4.8,2.9,3.8
179,4.1,4.7,3.8,3.1,4.1,4.1,3.3,5.1,4.6,3.2,5.4,4.4,3.0,3.3,4.7,3.9,4.6,5.6
180,3.3,3.6,2.9,1.8,3.1,4.4,2.7,3.7,3.4,4.4,4.8,3.5,3.0,4.2,3.0,4.5,3.2,2.2
181,3.4,2.8,4.7,5.1,2.2,2.0,2.9,3.3,4.2,2.3,2.7,2.8,3.1,3.2,4.1,4.3,3.8,3.6
182,4.9,2.7,1.7,4.3,4.5,2.4,2.9,4.5,4.0,2.8,4.3,4.6,2.0,2.4,4.5,3.9,3.9,4.0
183,3.7,3.0,3.2,5.7,3.4,2.6,1.9,3.5,4.9,2.5,2.6,2.4,3.3,3.6,4.7,4.4,2.3,3.4
184,2.0,3.5,5.5,4.6,2.8,2.3,1.5,3.5,2.7,4.9,2.9,2.8,3.3,3.2,3.2,3.4,4.1,3.9
185,3.7,1.7,4.2,3.1,4.8,3.1,3.8,1.9,3.4,3.2,4.3,3.9,5.0,4.0,4.3,3.7,2.9,2.9
186,3.2,4.3,2.7,2.1,3.2,3.6,3.1,3.9,4.7,3.1,3.1,3.6,3.6,2.4,3.9,1.5,4.3,3.8
187,4.1,2.3,3.3,3.9,1.9,3.3,2.1,2.8,2.9,1.6,3.1,4.0,2.7,2.4,2.6,3.9,1.7,4.5
188,2.2,2.5,3.1,4.2,4.6,4.9,3.9,2.3,2.1,4.4,3.1,5.7,1.7,2.7,2.6,3.7,1.5,3.1
189,3.7,3.5,3.8,2.3,3.9,4.9,4.3,4.2,2.0,3.9,4.7,2.2,3.7,2.7,3.7,1.2,3.3,3.4
190,2.1,1.9,3.7,3.0,2.9,2.3,3.1,1.8,1.9,3.2,2.6,2.9,4.5,3.5,3.2,3.3,4.0,2.7
191,4.2,2.9,4.2,4.9,4.3,2.8,3.2,3.8,3.7,2.8,4.0,3.4,3.9,2.7,4.3,4.1,2.8,3.9
192,1.9,1.9,3.3,3.0,2.1,1.8,2.6,1.4,3.3,1.6,2.5,5.0,3.8,4.4,2.8,4.2,4.0,3.6
193,2.8,2.8,3.5,3.5,3.4,3.3,2.6,2.7,4.4,2.9,2.2,3.3,4.1,5.8,4.0,3.6,4.6,4.4
194,3.6,4.3,4.0,2.8,2.6,4.3,4.6,3.9,3.2,4.4,3.2,3.5,3.3,4.5,4.2,2.8,3.5,2.6
195,5.0,4.0,4.5,3.3,6.2,4.1,4.6,5.6,3.3,4.7,6.2,5.1,4.6,5.1,5.0,3.9,4.1,5.6
196,3.3,4.5,3.4,3.3,2.0,4.3,3.8,3.7,2.2,3.6,4.0,3.0,4.1,3.3,3.6,3.3,4.0,3.7
197,3.3,1.6,3.6,2.6,3.1,2.4,2.1,3.9,3.2,0.8,5.0,3.6,3.8,4.7,4.2,2.1,4.2,3.0
198,2.3,4.5,3.0,2.9,2.3,5.5,4.8,3.1,2.5,4.9,1.3,3.7,4.1,1.9,2.4,2.6,5.7,1.8
199,2.3,3.8,4.7,2.8,5.0,3.5,5.2,5.6,3.7,4.2,4.7,2.9,3.3,2.4,3.5,3.4,2.2,2.9
200,4.6,3.4,3.6,2.8,2.5,2.1,3.4,3.2,3.8,3.3,4.1,2.4,3.4,2.5,2.9,2.8,2.6,3.8
201,3.0,1.6,2.3,4.2,5.2,3.8,4.1,3.0,0.8,2.7,5.0,2.1,4.0,2.3,2.7,3.9,4.6,2.8
202,2.7,4.3,2.7,3.6,1.3,5.0,4.1,1.9,3.3,3.9,3.3,2.7,2.0,3.0,3.3,2.7,3.3,3.9
203,4.0,5.6,3.6,3.4,4.1,5.4,3.2,5.0,4.2,4.1,3.4,3.1,4.1,4.2,4.8,4.1,5.8,4.9
204,3.5,4.5,3.4,4.7,2.8,3.4,2.8,5.1,2.9,2.0,2.4,3.8,4.0,1.6,2.6,3.3,2.7,2.3
205,3.3,2.9,4.2,4.4,3.8,2.2,3.5,3.6,4.3,3.2,4.6,2.9,3.0,2.5,2.3,3.2,4.4,1.9
206,4.8,2.5,3.7,4.8,3.5,1.7,1.9,3.7,4.8,0.4,3.0,4.4,3.9,4.2,4.4,3.5,3.8,3.3
207,2.0,2.9,2.6,2.1,2.9,4.3,4.7,2.8,1.4,2.6,4.8,3.5,3.4,3.2,4.9,2.2,3.7,4.9
208,5.2,4.5,5.5,3.6,5.2,4.0,4.3,4.9,5.0,3.9,3.0,4.3,4.9,4.4,2.7,4.8,3.1,3.9
209,1.6,3.6,1.9,4.2,2.7,3.9,4.8,1.8,3.5,5.5,1.6,0.1,3.5,3.6,3.6,4.4,2.2,5.1
210,2.0,2.5,4.3,3.7,3.4,2.9,3.6,2.8,3.3,2.6,4.5,4.5,1.1,2.8,2.9,5.7,2.7,2.6
211,5.1,3.0,4.5,1.4,3.8,1.6,2.8,4.4,4.3,1.7,3.8,3.1,5.2,4.8,3.1,3.3,3.1,3.2
212,5.0,2.6,3.8,3.4,4.0,3.8,2.7,1.9,1.1,4.9,4.1,4.5,4.9,5.1,4.0,2.0,4.7,3.8
213,1.2,2.2,2.8,2.6,2.2,3.7,3.2,1.3,2.0,4.7,3.3,3.2,3.3,4.8,4.6,3.9,4.4,3.3
214,4.9,5.7,3.0,2.2,3.7,3.7,4.6,5.1,4.5,4.4,2.9,3.2,3.1,1.8,4.5,3.3,2.7,2.4
215,4.6,4.0,4.5,4.4,5.1,3.6,4.7,5.9,5.1,2.2,5.0,5.2,4.2,4.1,5.2,3.9,3.5,4.2
216,3.2,3.3,3.0,3.7,2.6,3.8,2.7,1.8,3.7,4.6,2.3,3.2,4.6,3.3,2.8,2.3,4.1,3.5
217,1.7,1.9,2.3,3.9,3.3,1.6,2.9,2.5,3.0,2.8,2.0,2.9,5.4,4.4,2.8,3.7,3.4,5.9
218,2.8,2.4,4.1,4.2,2.8,1.3,2.2,2.9,4.2,2.5,2.6,2.7,4.5,4.9,3.9,2.6,4.6,3.9
219,2.7,1.9,4.5,2.4,2.7,1.5,2.3,3.3,2.8,3.4,4.2,3.5,2.3,3.5,2.9,3.1,3.6,3.1
220,5.7,3.7,2.4,3.5,5.0,2.9,2.1,4.0,4.3,2.1,5.3,6.1,2.5,3.6,3.5,4.0,4.3,2.7
221,5.1,3.8,3.2,1.8,5.2,4.0,2.8,4.6,4.6,4.3,4.4,5.2,3.9,5.0,3.7,4.0,5.8,3.9
222,2.9,3.2,3.8,2.5,3.4,2.8,4.6,3.4,2.4,5.0,2.3,2.9,3.6,3.2,2.5,1.9,1.3,1.6
223,1.7,2.0,2.5,5.6,2.5,2.3,2.5,3.4,3.3,1.4,2.6,3.7,4.9,3.4,3.1,4.8,3.4,2.7
224,3.8,3.3,2.0,2.8,3.1,3.9,4.3,3.6,2.8,3.2,3.8,3.7,4.2,4.1,4.1,2.3,4.2,3.3
225,3.2,2.9,2.9,3.6,3.6,3.7,3.5,3.3,2.6,4.4,4.4,3.4,4.7,3.4,2.2,3.1,2.4,3.8
226,3.3,3.5,4.2,1.6,3.7,4.1,1.8,4.8,4.0,2.3,4.4,4.2,3.1,2.9,3.6,4.2,3.8,3.9
227,3.0,4.1,2.8,4.0,1.7,2.6,3.7,2.6,5.1,4.0,3.3,3.4,1.9,4.0,2.4,3.1,2.3,2.2
228,4.3,3.2,4.2,4.4,3.0,3.9,2.7,2.8,3.2,1.9,3.4,2.1,4.8,5.5,3.3,4.9,2.7,3.0
229,2.2,3.1,2.6,1.5,3.1,2.9,3.8,3.8,2.5,3.8,3.1,1.9,3.5,3.0,2.8,1.5,4.1,6.0
230,3.7,4.0,3.9,3.1,2.8,4.5,4.7,3.6,3.6,3.9,2.9,3.6,3.7,2.5,2.3,3.5,3.9,4.0
231,4.5,3.3,2.2,2.2,2.5,2.0,2.2,3.9,4.9,3.0,2.9,2.1,3.0,2.8,3.6,3.9,1.0,2.3
232,2.5,2.9,4.4,3.9,4.1,3.8,2.1,3.8,2.9,2.8,3.3,4.2,5.0,4.7,3.3,2.6,5.6,3.8
233,1.3,3.2,2.3,4.8,1.5,3.2,4.4,1.3,3.1,3.7,1.6,1.5,1.4,3.5,4.1,4.2,4.0,2.0
234,4.4,2.8,3.1,3.3,3.4,3.2,2.5,3.6,3.1,2.6,3.7,3.0,3.7,3.5,2.7,3.7,3.5,4.6
235,3.7,2.3,3.9,3.6,4.1,2.9,0.6,3.6,2.9,2.8,3.0,2.8,4.8,3.6,2.5,3.8,5.6,3.1
236,4.3,3.9,4.3,3.5,4.2,3.7,3.3,4.7,2.8,2.7,4.5,6.2,3.7,4.3,2.7,3.4,3.0,3.8
237,5.8,3.2,3.5,3.8,5.2,3.3,3.8,4.7,2.9,3.5,6.9,4.6,4.3,3.9,4.0,3.4,3.1,4.4
238,4.4,5.0,3.2,3.9,3.2,4.3,4.4,4.8,3.1,5.3,2.8,2.6,0.2,0.9,2.3,3.0,2.2,1.0
239,5.0,2.0,4.8,2.7,5.6,1.7,3.1,2.9,3.9,3.7,3.5,4.7,2.9,3.4,3.6,2.1,2.6,3.4
240,3.2,3.6,2.8,4.3,2.8,4.0,2.0,2.6,3.6,2.9,3.2,2.9,3.6,2.6,1.7,3.2,2.7,2.2
241,3.5,4.8,4.8,4.2,3.5,4.3,4.7,4.0,6.1,4.0,3.9,4.2,4.1,5.1,4.4,4.4,3.9,3.6
242,2.0,3.0,4.1,3.7,3.8,4.4,5.0,3.3,2.8,3.5,2.4,2.2,3.3,3.2,3.9,3.5,4.0,2.8
243,2.0,3.3,4.8,5.0,2.8,4.0,3.8,2.7,1.9,4.6,3.1,2.4,3.1,3.7,3.3,4.5,4.4,1.7
244,2.5,3.8,3.2,3.1,3.6,2.3,2.2,3.3,3.9,3.9,2.7,3.2,3.1,3.7,2.1,3.5,3.3,3.4
245,2.7,4.4,4.6,2.0,1.4,3.5,3.1,3.2,4.5,2.5,1.4,2.3,4.2,1.5,2.9,3.3,3.4,4.7
246,1.5,4.6,3.6,4.8,1.5,4.1,5.2,2.8,4.6,4.7,0.9,1.9,4.8,4.9,4.0,5.2,4.6,5.3
247,3.8,2.4,4.4,3.8,4.7,2.6,4.2,3.1,4.0,2.6,5.1,3.8,2.6,2.7,4.4,3.2,2.5,1.4
248,3.3,1.9,3.6,2.4,3.1,2.3,2.6,2.2,3.3,2.1,3.0,3.4,3.9,3.7,3.0,1.4,3.9,3.9
249,4.3,3.9,2.4,3.9,5.3,2.0,2.4,5.4,5.1,3.1,4.1,3.7,4.4,3.4,2.8,4.1,3.5,3.0
250,3.0,3.8,3.8,3.6,4.7,2.8,3.3,4.6,3.4,3.7,4.1,4.3,1.1,2.0,2.9,4.4,1.7,4.7
251,2.5,3.0,1.5,1.7,4.4,4.0,3.1,3.2,3.5,3.1,3.5,5.1,4.5,2.5,2.5,3.7,3.8,3.9
252,2.1,3.8,2.8,3.7,4.3,2.8,5.1,3.9,2.8,3.6,3.5,3.4,3.2,3.3,4.2,4.1,3.6,3.5
253,3.2,3.0,4.3,4.3,3.5,2.6,3.2,4.2,3.5,3.5,4.2,3.6,4.3,3.3,0.4,4.5,2.9,2.2
254,3.1,1.6,3.2,3.8,3.1,2.6,2.6,2.8,2.6,2.2,4.8,4.1,2.0,3.8,4.2,4.5,3.0,2.0
255,5.2,5.8,1.5,3.8,4.8,5.4,4.3,5.3,4.6,3.5,4.5,4.7,4.3,2.7,3.6,2.8,3.5,3.3
256,3.5,4.1,3.1,3.6,5.2,4.0,4.0,5.1,2.1,4.1,3.7,3.0,2.7,2.6,3.4,3.8,4.4,3.3
257,5.1,3.4,3.1,2.1,2.8,3.0,4.3,2.8,2.9,3.8,4.5,4.9,3.5,4.0,3.7,3.9,4.3,3.2
258,3.9,3.5,1.9,3.5,2.9,3.8,3.9,1.4,4.5,3.6,2.0,3.8,2.3,4.2,3.7,3.0,3.2,2.2
259,4.1,3.5,3.5,5.2,4.6,3.8,4.1,3.9,2.3,3.2,3.7,4.1,4.6,5.8,3.9,4.4,5.3,2.7
260,3.5,3.3,0.6,3.0,3.7,4.0,4.3,3.5,1.7,3.8,3.1,3.2,3.0,3.2,5.0,4.4,2.7,3.3
261,5.2,5.3,3.1,4.7,3.3,3.4,3.4,3.9,4.9,4.6,3.2,3.5,4.5,5.4,5.0,2.7,7.3,4.7
262,4.5,2.8,4.3,4.3,3.6,2.4,2.2,4.5,2.9,3.2,4.6,3.0,5.7,4.1,3.4,3.5,2.8,4.2
263,1.7,2.1,3.8,3.4,2.7,3.8,3.1,1.7,2.0,4.2,3.0,4.2,2.4,3.5,3.0,3.5,3.2,5.3
264,5.3,3.5,3.6,3.2,3.9,3.2,2.5,3.5,4.5,4.6,4.5,3.6,4.8,4.6,4.7,3.6,4.4,3.9
265,2.2,3.7,3.2,1.9,2.4,4.6,4.6,1.5,3.1,5.1,1.6,2.9,3.8,2.4,2.7,2.6,3.7,3.7
266,1.7,3.6,3.0,2.0,2.7,4.9,3.6,2.9,2.6,4.2,2.6,2.2,4.1,3.2,3.0,3.0,3.2,4.1
267,4.5,3.4,4.5,3.3,4.0,2.9,2.8,4.3,4.7,2.0,4.0,3.8,4.8,4.6,3.3,3.1,4.4,3.3
268,2.8,3.6,5.6,3.7,1.8,4.4,5.2,0.5,4.8,4.3,2.0,2.2,3.2,3.3,3.0,3.8,3.2,3.2
269,3.5,2.7,4.5,2.8,2.8,1.3,1.1,3.5,4.9,2.2,2.3,2.5,2.7,4.1,3.1,2.7,2.7,2.3
270,2.3,3.3,6.0,3.7,2.9,4.5,3.4,1.8,2.8,4.9,1.5,1.1,2.8,2.4,2.3,4.5,3.4,3.4
271,3.9,3.5,3.4,3.3,3.0,3.1,3.0,2.7,4.8,2.5,4.1,2.2,5.6,4.7,4.7,3.2,3.7,5.4
272,1.9,1.9,3.0,4.1,1.7,2.2,2.6,1.4,2.5,3.3,1.0,2.4,4.6,4.1,3.0,3.7,3.2,3.8
273,4.2,4.3,3.4,3.5,4.5,4.7,4.0,3.6,3.9,4.2,2.9,3.9,4.1,2.4,4.3,2.6,4.0,3.6
274,6.4,4.3,4.9,5.0,5.8,3.1,3.2,5.3,4.7,3.0,4.7,4.4,3.0,4.1,3.3,6.2,5.2,3.3
275,3.2,2.6,4.3,5.6,4.1,2.2,3.1,4.7,2.6,3.2,2.2,1.8,3.7,3.3,4.5,4.9,3.8,2.8
276,5.2,3.9,3.9,4.4,4.4,3.4,3.8,3.6,4.3,3.3,4.5,4.1,2.7,3.5,5.4,2.0,5.0,4.2
277,4.8,2.9,3.1,3.1,3.3,2.4,3.4,4.2,2.4,2.5,4.5,4.6,3.4,3.0,2.6,2.7,4.2,2.1
278,4.8,5.0,2.2,4.2,3.9,4.6,5.1,4.0,3.6,5.4,3.8,3.9,4.1,2.0,2.8,3.6,3.2,4.2
279,4.1,3.9,4.7,3.9,4.7,2.3,2.7,4.6,4.6,3.1,4.1,2.8,3.6,1.8,2.7,5.4,4.4,4.0
280,4.6,3.4,1.5,2.6,5.4,1.4,3.9,5.4,3.8,3.6,4.1,4.6,3.1,3.0,3.4,2.6,4.1,3.2
281,3.2,4.5,2.5,2.9,1.9,5.0,5.0,3.3,3.1,4.2,1.8,2.2,2.4,3.7,2.7,2.3,1.4,3.3
282,3.8,3.2,1.3,3.4,3.2,1.8,1.3,4.3,4.5,3.1,3.8,3.5,5.2,3.7,3.1,2.1,4.3,2.9
283,3.2,3.8,2.1,3.6,4.1,5.0,4.1,3.4,3.0,3.8,3.1,3.4,4.4,4.6,3.9,3.8,5.8,4.6
284,3.6,2.7,4.3,4.8,3.8,2.6,3.9,2.7,2.8,3.2,2.1,2.9,3.0,4.0,4.4,3.4,5.0,3.7
285,5.9,5.1,3.3,2.5,4.9,3.9,3.7,5.4,4.8,4.5,5.4,3.2,3.1,2.0,2.0,1.1,3.3,3.9
286,3.7,4.3,3.7,5.6,2.8,4.6,4.8,3.8,2.5,3.5,3.0,4.2,3.2,2.3,4.2,4.7,5.4,4.4
287,3.5,3.1,3.4,2.6,2.8,2.6,2.7,3.5,2.5,2.8,2.8,3.5,3.1,2.0,6.3,2.9,3.5,3.0
288,4.7,5.4,4.5,5.3,3.8,4.2,4.5,4.0,5.7,4.1,3.0,1.8,3.4,3.5,3.9,3.2,4.1,3.0
289,3.1,2.9,2.5,4.3,2.8,2.1,3.5,2.7,4.8,2.3,2.2,4.0,3.5,4.8,4.0,4.0,3.8,5.5
290,4.1,5.4,3.3,3.7,4.2,3.6,4.0,4.6,4.1,6.2,2.8,3.8,3.1,4.4,4.5,5.2,4.0,1.3
291,4.6,2.0,3.5,3.3,4.0,2.3,3.3,3.9,2.6,2.6,4.9,5.0,4.4,4.9,2.5,3.6,3.0,3.6
292,3.4,2.3,2.7,2.6,3.0,2.7,3.5,2.8,1.9,1.3,2.8,2.2,2.7,3.9,5.1,2.4,3.3,3.3
293,2.3,5.0,4.3,2.5,3.0,5.4,4.0,4.9,3.1,3.8,3.7,2.7,4.6,4.5,2.6,4.3,2.5,3.6
294,3.7,4.6,3.6,3.8,2.3,3.7,3.4,3.2,3.5,3.1,4.9,3.4,2.5,3.8,3.2,3.6,5.1,4.7
295,2.8,2.6,1.7,3.6,2.8,4.4,3.1,2.0,1.9,3.3,4.6,3.0,4.3,4.7,5.6,4.4,5.5,3.9
296,2.4,5.2,3.2,4.6,2.1,6.5,6.3,2.1,4.1,5.3,2.4,3.2,5.7,5.0,4.9,3.9,3.2,3.1
297,3.7,3.1,4.3,2.2,3.7,3.6,3.3,2.8,3.9,3.0,3.8,3.8,2.2,1.5,2.6,3.7,2.4,3.6
298,6.0,4.3,2.8,2.6,4.9,4.0,3.7,3.6,4.6,4.0,3.5,4.2,3.3,3.8,5.0,3.2,4.6,4.9
299,3.0,3.7,3.0,3.6,2.9,4.1,4.3,3.4,3.1,3.5,3.5,2.6,3.3,3.8,4.0,2.6,2.6,4.7
300,2.1,2.9,4.2,3.6,5.3,1.5,3.2,5.0,3.5,3.1,3.7,4.0,4.8,3.8,3.5,3.4,4.4,3.6
301,3.1,2.1,3.4,4.4,4.5,1.9,3.4,4.3,3.0,2.0,3.6,3.6,4.6,4.4,4.2,4.0,3.8,5.2
302,4.6,4.0,2.8,2.2,4.4,4.2,3.0,3.4,5.1,4.2,4.4,4.4,1.5,2.7,3.9,4.0,3.4,1.3
303,4.4,4.1,3.9,4.1,4.5,3.6,4.6,3.2,3.4,5.6,4.3,2.9,2.8,3.8,4.6,6.1,2.7,3.3
304,1.5,1.7,3.3,3.5,3.3,3.3,3.8,3.1,1.6,2.6,3.6,4.2,5.8,4.2,2.7,4.9,4.6,5.0
305,5.3,3.3,4.3,3.8,4.5,2.2,2.7,4.0,5.6,2.8,3.6,3.6,3.9,4.7,3.2,4.3,5.8,2.8
306,2.8,4.3,3.8,3.2,4.0,4.6,2.9,4.0,3.4,4.4,4.5,4.0,2.0,3.1,2.7,3.7,3.6,3.6
307,4.1,1.1,4.4,4.5,3.0,1.5,3.8,2.4,2.7,2.3,3.2,4.3,2.7,2.3,1.6,4.8,2.5,3.8
308,2.1,2.4,4.3,2.5,3.2,2.5,3.6,2.4,3.1,3.2,4.5,4.4,4.1,3.7,4.0,3.7,3.4,2.2
309,4.5,4.9,4.7,1.5,3.5,5.1,4.2,3.8,4.0,5.3,4.1,4.5,4.9,3.1,3.9,3.4,4.1,1.6
310,4.3,3.9,3.5,4.4,3.2,4.8,4.6,2.8,3.7,3.5,2.9,3.8,0.6,4.1,4.2,4.4,3.1,2.3
311,3.0,1.9,4.7,2.2,4.5,2.4,3.3,3.1,2.6,2.9,3.2,3.0,3.1,1.7,4.0,5.0,4.9,2.5
312,2.6,3.6,4.2,3.9,5.7,4.2,3.9,4.5,2.7,3.7,4.2,4.1,1.4,4.8,3.2,4.0,3.0,3.7
313,3.8,2.2,2.9,2.5,3.9,2.1,4.4,3.4,2.1,3.9,4.3,3.3,3.0,3.9,4.0,1.8,2.7,3.4
314,3.6,3.0,2.0,3.2,3.0,4.1,4.5,1.9,2.7,4.3,3.1,3.3,4.9,5.0,5.9,3.0,5.3,3.6
315,2.5,2.5,3.3,3.5,3.6,1.4,1.8,3.5,2.9,2.1,1.9,2.8,5.2,3.7,2.8,4.1,3.7,3.9
316,3.6,2.2,3.2,2.8,5.0,2.6,1.8,3.9,3.8,2.5,3.4,3.8,6.8,5.0,4.3,3.7,5.4,5.9
317,4.3,4.3,3.1,3.1,2.9,2.9,3.3,3.8,5.1,3.1,2.4,2.9,4.5,3.4,3.3,4.2,2.7,4.5
318,2.4,4.1,2.8,4.1,3.0,4.7,3.0,5.1,2.9,2.4,3.4,3.5,2.8,2.8,4.6,2.7,1.4,3.4
319,4.2,2.4,3.8,3.0,3.2,2.2,2.9,3.3,3.6,0.8,3.2,4.4,3.6,2.6,3.8,3.0,3.7,3.5
320,3.0,2.3,4.6,3.8,2.4,1.3,2.2,1.4,4.0,3.3,3.1,4.1,3.2,3.2,2.8,3.4,2.9,2.4
321,3.4,3.6,4.2,3.7,3.6,5.1,2.6,3.0,1.9,4.3,2.9,3.8,3.4,4.6,3.0,3.8,4.1,2.9
322,2.9,3.9,3.1,3.2,4.7,4.0,2.9,4.9,2.7,4.1,5.5,4.5,2.9,3.4,1.6,2.3,2.1,2.3
323,3.0,3.6,2.1,2.5,2.5,3.8,2.6,3.5,3.1,1.9,2.7,1.1,5.1,1.4,3.2,4.0,4.1,3.0
324,5.1,5.9,4.2,4.1,4.1,3.9,4.5,5.5,5.0,4.3,4.0,4.0,3.7,3.2,2.2,3.8,1.4,2.5
325,3.4,4.3,4.6,3.4,1.6,4.2,4.3,1.1,4.7,4.7,2.6,2.6,2.0,2.8,3.3,3.3,3.1,3.1
326,2.3,3.4,1.1,4.1,3.1,4.2,3.0,4.2,2.7,2.5,2.9,1.8,3.0,2.4,4.4,2.8,2.8,3.7
327,3.7,4.2,1.0,4.6,3.3,4.4,4.1,3.1,3.2,3.6,4.3,4.8,3.0,3.1,3.3,3.7,2.8,4.5
328,4.8,2.7,1.5,4.4,4.7,3.2,4.9,4.0,3.4,3.2,3.4,4.8,5.3,5.3,2.3,4.7,5.5,3.5
329,2.2,3.4,1.2,2.3,3.6,3.9,2.1,3.1,4.4,3.2,3.0,3.1,2.9,4.5,5.2,3.8,3.0,5.0
330,4.5,5.9,2.9,3.2,3.4,4.5,5.4,3.9,6.3,5.2,2.3,3.2,3.8,3.5,3.6,3.4,4.2,3.8
331,4.2,3.2,3.7,4.4,3.7,2.5,4.6,2.4,2.4,5.1,4.3,3.7,2.7,4.0,3.0,4.0,2.8,1.9
332,4.6,4.6,4.4,4.1,4.8,4.2,4.0,5.1,4.6,3.3,4.5,3.8,3.8,5.1,3.4,4.2,3.6,3.3
333,3.8,4.7,3.7,4.6,4.7,3.1,3.1,6.1,4.2,2.4,3.9,3.7,5.1,2.9,4.0,4.1,2.8,2.9
334,3.6,3.1,3.1,2.4,3.5,3.4,3.2,4.5,3.9,2.4,2.8,3.7,3.7,4.5,3.0,2.6,1.8,3.8
335,4.2,3.2,4.4,3.6,3.9,3.4,3.5,3.9,2.7,3.0,3.7,4.1,1.7,1.7,3.9,4.5,3.8,2.8
336,4.2,2.1,4.1,2.8,3.8,3.2,2.2,4.0,2.8,2.0,3.9,3.5,4.1,3.2,1.1,2.7,1.3,4.2
337,2.0,2.6,4.2,2.5,3.2,2.8,4.0,2.7,2.4,3.2,3.8,3.8,4.8,2.4,1.6,3.8,2.9,3.7
338,5.8,3.8,3.3,3.9,5.5,3.0,3.2,5.3,4.4,4.3,5.4,4.3,1.6,3.4,4.5,3.6,1.9,4.9
339,4.8,3.6,2.8,5.3,5.1,2.9,4.3,4.2,4.6,3.0,4.7,4.1,5.9,6.3,4.0,4.0,4.4,5.6
340,2.4,3.4,4.9,4.3,2.7,2.9,5.3,3.5,3.8,5.1,3.7,2.5,3.7,4.4,3.1,4.0,5.1,5.2
341,3.4,3.4,3.9,2.6,3.2,2.8,4.6,4.0,2.4,3.4,4.6,3.7,5.9,2.8,2.5,2.0,4.4,2.4
342,3.4,2.9,2.6,4.8,3.0,2.7,4.1,2.1,3.6,3.8,3.4,3.9,2.8,2.4,1.1,3.2,5.1,3.0
343,4.4,3.2,3.5,3.3,4.8,3.0,2.3,2.8,3.8,3.8,3.6,5.3,3.7,5.0,3.5,3.1,2.1,4.2
344,3.1,2.9,3.6,0.8,2.2,2.7,2.0,2.2,4.3,2.7,3.4,3.7,4.7,4.7,1.5,-0.5,3.1,2.4
345,2.9,2.0,3.8,4.0,3.0,2.2,1.7,2.4,3.9,1.7,2.4,2.9,3.2,2.7,3.0,3.9,2.1,3.4
346,4.7,5.5,2.0,2.0,4.8,4.5,5.3,5.3,3.8,5.0,4.3,6.0,4.3,4.7,3.9,2.9,4.4,3.6
347,2.3,3.5,3.7,4.2,4.4,1.8,2.5,4.0,4.9,3.0,1.8,2.4,2.7,3.3,4.4,2.7,2.4,3.1
348,4.9,3.2,3.5,5.1,3.8,2.9,3.1,3.3,4.1,2.0,3.8,3.2,2.6,3.3,4.5,4.8,5.1,3.2
349,3.8,4.4,2.5,3.7,4.7,3.5,4.0,4.5,3.5,4.3,3.2,4.0,4.7,2.4,1.5,2.0,3.3,4.0
350,3.5,2.7,3.7,3.1,3.5,2.3,3.5,3.5,2.7,2.3,3.2,4.0,4.2,5.4,4.1,2.9,3.5,3.0
351,2.8,3.5,4.9,3.4,2.6,2.2,1.8,3.9,3.3,2.7,2.9,4.1,3.1,3.1,3.5,3.0,4.1,2.4
352,0.4,1.9,2.8,3.8,2.4,2.3,2.2,2.6,3.1,2.8,1.3,3.1,4.8,3.9,3.4,4.2,3.7,3.6
353,2.7,3.1,4.0,4.0,3.3,4.6,4.9,2.7,1.1,6.1,4.0,4.2,3.9,4.0,4.6,4.9,5.3,5.1
354,1.8,3.5,2.4,3.5,2.8,4.4,3.9,4.0,2.7,2.8,2.7,1.9,1.8,2.9,3.5,3.0,3.3,1.9
355,3.1,4.6,3.5,3.7,3.4,6.3,6.4,2.9,2.3,5.4,2.9,3.4,3.8,2.7,2.5,3.0,2.5,3.5
356,2.0,2.3,2.0,1.5,0.9,2.1,2.5,2.0,1.8,1.9,2.4,2.0,1.8,1.8,4.2,4.3,2.5,2.6
357,3.6,4.4,3.8,2.9,3.2,4.3,5.2,2.0,5.4,4.9,1.8,1.5,4.4,2.9,3.2,3.5,3.4,4.7
358,1.8,2.9,3.8,3.9,2.1,4.0,1.5,3.0,2.2,3.6,2.7,2.7,5.1,4.2,3.7,3.8,4.1,2.9
359,2.8,3.1,5.0,3.1,3.5,4.4,3.6,3.1,2.2,4.8,4.8,3.5,3.4,3.2,3.4,3.2,2.9,1.8
360,3.7,3.6,1.1,2.6,3.4,4.2,4.3,2.1,3.0,4.1,4.1,3.5,4.4,3.9,4.1,3.2,2.7,2.5
361,4.1,3.1,2.5,1.8,3.9,2.0,5.4,3.0,3.2,2.1,4.0,5.3,3.7,2.0,5.0,0.9,4.4,4.1
362,2.6,2.8,2.3,2.9,3.2,3.6,3.3,3.7,2.1,3.5,3.2,3.5,2.6,3.3,1.3,3.6,1.9,2.8
363,4.0,2.6,3.5,2.6,3.9,2.0,3.5,3.6,4.0,2.2,4.1,4.8,3.4,4.2,1.9,2.9,3.1,2.9
364,2.7,2.3,3.8,5.0,1.5,3.6,2.5,1.7,4.7,2.1,2.8,1.7,4.3,5.2,2.7,2.4,3.2,4.4
365,1.6,2.6,4.8,3.9,2.5,4.0,4.0,2.9,1.6,3.8,2.2,2.1,3.5,3.5,1.7,4.6,2.9,5.1
366,3.8,4.1,2.2,2.5,4.5,4.0,3.3,3.9,4.7,3.8,2.9,4.6,4.5,4.3,4.0,1.4,4.1,4.3
367,3.6,1.4,3.5,3.6,2.8,2.2,3.5,2.8,2.9,1.1,1.9,3.6,3.4,3.1,2.8,2.7,2.7,3.2
368,2.5,1.3,2.9,3.3,2.5,1.9,3.1,2.0,2.1,3.1,2.2,2.8,2.1,3.6,4.8,2.5,5.2,3.2
369,4.2,3.5,4.5,3.5,4.1,2.3,3.5,3.7,3.6,3.2,4.2,3.3,4.4,5.1,3.2,4.2,4.0,5.2
370,5.5,7.2,2.8,3.4,4.6,5.9,5.9,5.4,3.9,7.0,5.4,5.5,2.9,3.5,3.0,3.0,4.3,3.6
371,4.1,3.6,3.3,2.8,2.9,4.1,3.4,3.7,3.4,3.6,4.0,3.5,5.2,4.9,3.8,3.0,4.8,4.6
372,2.2,3.4,2.1,5.1,1.2,2.8,2.3,1.0,3.6,3.7,1.3,0.5,2.8,3.7,3.4,2.9,2.5,4.0
373,2.7,3.7,2.2,4.7,2.0,5.4,4.1,1.6,2.8,5.1,4.3,4.6,3.4,2.1,3.5,4.5,4.0,4.5
374,3.5,3.9,2.3,5.1,2.3,3.6,3.6,2.9,4.0,2.3,3.0,3.2,5.2,4.5,2.2,4.9,3.5,4.0
375,3.8,4.5,3.3,2.3,2.7,4.4,4.0,2.7,4.0,4.5,4.6,2.9,3.0,5.1,4.0,3.8,3.1,3.6
376,3.9,4.6,4.2,3.1,3.7,5.0,3.6,4.8,4.4,2.2,4.4,3.2,3.8,4.7,4.4,2.6,3.2,3.7
377,4.2,5.5,2.3,4.4,3.0,5.0,4.2,4.4,3.6,4.3,2.1,2.3,3.2,3.4,2.9,3.6,2.7,3.1
378,3.8,2.2,2.6,4.6,5.1,3.6,3.5,3.7,2.0,3.1,4.8,4.9,3.3,2.9,1.7,3.8,4.6,4.2
379,3.3,2.5,3.2,2.8,3.9,3.6,5.1,4.5,3.0,2.0,3.9,2.7,4.0,3.5,3.7,4.3,4.1,3.4
380,6.6,5.3,3.8,3.6,4.2,4.0,4.2,5.9,4.1,3.6,4.9,6.2,3.8,2.6,2.5,4.8,4.0,3.2
381,1.4,2.7,3.4,4.3,3.5,3.9,3.4,3.5,1.2,4.0,2.4,3.2,4.4,4.2,3.7,3.7,3.5,3.7
382,4.9,3.4,3.0,3.1,4.3,3.1,1.8,5.1,4.4,1.6,4.3,3.7,4.2,5.6,4.6,2.3,3.0,3.8
383,1.2,2.6,2.3,2.4,4.0,3.9,4.3,4.1,1.1,2.0,3.6,4.2,3.4,4.0,4.6,3.6,1.9,2.7
384,2.8,3.1,3.6,3.1,2.8,2.9,2.4,3.7,4.0,1.5,3.1,2.6,4.1,3.6,2.8,3.1,4.4,2.7
385,5.2,5.8,2.9,2.6,3.7,4.0,5.1,4.8,5.6,5.3,4.3,4.0,4.1,3.4,3.5,1.3,3.6,3.8
386,4.8,6.4,1.6,3.3,4.7,4.5,4.3,6.6,4.7,5.0,4.9,5.7,4.6,2.9,1.3,3.4,2.4,3.6
387,4.3,3.9,2.1,4.9,1.5,3.2,3.0,2.6,5.6,2.5,3.3,3.5,3.5,3.3,2.6,4.4,1.7,3.4
388,4.1,4.1,2.1,4.0,4.0,4.2,4.4,3.6,4.5,3.4,3.3,2.9,5.2,4.7,3.8,3.3,4.9,5.3
389,3.0,4.3,5.4,5.7,4.0,4.1,4.2,3.7,3.8,4.6,3.6,2.5,4.5,2.0,1.7,3.6,3.4,0.6
390,3.7,4.1,2.2,3.8,3.1,4.1,3.6,2.1,4.4,4.2,1.3,4.2,2.7,3.2,2.6,3.2,2.3,2.2
391,2.3,3.1,3.3,4.2,3.1,4.1,4.6,2.1,1.4,4.4,2.2,2.1,3.4,3.9,3.6,3.0,3.3,2.5
392,3.7,2.9,4.3,3.5,4.0,2.1,2.9,3.8,4.8,0.9,2.4,3.2,2.6,4.4,3.7,3.8,3.0,2.5
393,2.9,2.6,4.6,5.0,3.9,2.5,2.3,3.3,2.5,3.1,2.8,3.8,2.7,1.5,4.3,6.3,5.1,2.5
394,3.4,3.7,3.7,1.9,3.3,3.9,4.7,3.3,3.4,3.8,3.3,4.0,4.2,5.3,2.8,2.8,4.1,5.0
395,5.6,4.9,4.3,5.8,4.7,3.2,2.0,5.3,4.2,4.4,3.4,4.1,2.3,3.0,3.8,4.3,4.1,4.3
396,3.4,2.2,4.1,3.1,2.8,3.0,2.3,3.2,3.0,3.1,2.2,3.0,4.2,4.0,2.4,4.3,3.7,3.4
397,3.5,3.5,3.1,3.4,2.0,4.5,4.6,2.4,2.2,3.9,3.7,3.6,2.3,2.5,1.5,4.7,2.0,1.4
398,3.6,4.1,4.9,5.5,2.2,3.6,4.8,3.1,4.2,3.0,3.0,2.5,2.7,3.1,4.4,5.8,3.7,3.8
399,4.2,3.2,4.0,1.0,4.3,2.7,2.8,3.7,2.9,2.8,4.5,3.9,4.4,5.9,1.8,3.5,4.6,3.0
400,4.2,5.3,4.8,5.8,2.2,5.1,2.9,3.8,4.5,4.8,3.6,2.4,2.9,3.3,2.6,5.0,4.1,2.6
401,2.8,2.8,4.0,4.0,4.1,3.5,4.2,3.2,2.5,3.9,3.8,2.8,4.5,3.8,3.1,3.0,4.8,3.2
402,2.8,2.8,4.0,2.5,3.0,2.5,2.7,3.3,3.4,2.5,2.7,4.5,3.9,3.3,2.6,3.8,4.1,4.0
403,2.3,2.5,3.7,1.7,1.8,2.2,2.3,2.8,3.0,3.3,1.7,2.5,4.8,5.1,3.5,3.6,4.9,4.5
404,3.7,3.9,2.5,3.0,2.9,3.7,2.6,3.7,1.9,4.1,4.4,3.8,1.3,2.6,3.8,3.2,1.8,4.2
405,4.7,4.0,5.1,3.8,3.4,5.6,4.1,1.8,2.7,4.2,2.8,1.9,3.2,3.1,4.0,4.0,3.6,2.8
406,3.2,2.4,3.6,3.2,4.6,1.9,2.5,4.2,3.7,3.1,1.2,2.2,3.1,3.1,2.7,3.2,4.2,3.4
407,2.1,3.1,3.2,2.9,2.1,4.4,4.3,1.7,3.9,3.3,3.5,2.9,3.6,4.0,4.5,2.3,3.8,3.7
408,3.5,3.6,4.7,3.7,2.2,3.0,1.3,2.9,5.1,2.7,2.7,3.8,5.3,5.0,4.7,3.8,4.1,4.4
409,2.8,2.8,3.2,4.8,2.5,2.9,1.1,2.8,3.6,2.6,2.8,2.7,2.7,3.0,3.7,4.4,4.0,4.5
410,5.5,4.8,4.1,4.1,6.6,4.1,2.9,6.2,4.5,3.4,4.5,4.9,2.1,3.2,2.5,3.4,3.7,3.0
411,2.7,3.6,4.1,2.7,3.5,3.3,3.7,4.1,3.8,3.5,1.9,2.7,3.9,2.9,3.3,3.1,2.9,1.4
412,2.0,3.0,3.5,3.2,3.4,5.0,2.5,2.8,2.2,2.9,2.7,3.9,1.7,2.9,4.4,4.8,3.9,4.3
413,2.5,3.7,2.4,3.3,3.0,3.8,3.2,3.9,3.9,2.8,1.8,3.9,5.7,5.2,5.1,4.1,4.0,3.6
414,3.9,6.0,3.7,4.4,2.0,4.3,5.9,4.0,5.3,3.5,1.3,1.4,3.7,3.0,4.2,3.0,2.8,3.3
415,4.5,4.1,2.2,2.7,3.5,3.8,4.6,3.2,4.1,3.8,4.2,3.8,2.9,3.3,4.4,1.5,5.7,3.6
416,3.6,2.3,3.4,4.7,4.0,3.6,5.1,3.9,2.3,2.7,3.9,3.9,3.0,2.2,1.9,5.5,1.6,3.8
417,1.6,4.1,4.4,4.7,2.5,5.2,4.8,3.2,2.5,5.6,2.5,1.9,3.8,5.0,3.9,5.1,4.7,3.7
418,3.3,3.2,3.5,3.0,3.2,3.6,2.8,3.1,3.9,1.4,2.9,3.3,3.3,2.8,3.8,3.3,2.8,1.4
419,2.4,3.0,4.7,5.1,3.6,2.6,2.6,3.3,3.4,3.7,2.1,2.0,3.2,3.4,3.0,4.6,2.3,3.8
420,3.7,2.2,2.1,4.1,2.2,2.1,2.0,3.4,2.9,2.4,5.1,4.9,4.8,3.6,3.7,4.2,4.0,3.2
421,1.7,3.5,2.0,4.0,2.5,3.5,3.9,3.8,2.6,3.4,2.2,1.2,3.3,3.9,3.8,3.5,3.8,2.7
422,2.3,2.0,3.7,5.0,2.6,4.4,3.1,0.4,1.6,4.7,3.1,3.2,3.0,3.1,2.5,4.2,3.8,2.8
423,4.2,5.2,1.9,4.3,3.4,3.7,3.8,3.3,4.9,4.9,3.2,2.6,4.9,4.7,3.4,3.8,5.5,3.6
424,2.7,3.5,2.7,3.8,3.2,4.3,3.3,2.6,3.3,4.1,3.1,2.8,1.2,0.9,3.7,2.1,1.8,3.5
425,4.8,4.3,1.8,1.6,4.1,3.6,3.6,4.5,4.9,3.5,3.4,3.8,4.3,4.1,3.9,2.1,5.0,5.7
426,2.8,3.1,3.7,3.1,2.2,1.8,2.7,3.6,3.1,2.9,3.0,1.8,2.8,4.2,3.2,3.8,4.3,2.9
427,3.5,4.0,2.6,4.4,3.9,3.7,2.3,3.8,4.3,2.5,3.0,3.7,4.6,5.8,4.1,5.0,4.4,6.2
428,4.3,2.7,2.3,4.0,4.7,2.5,3.5,3.4,3.1,3.4,4.8,4.7,4.3,3.2,2.3,1.9,1.9,2.0
429,4.1,4.1,2.5,2.1,3.6,4.6,4.3,2.5,4.5,4.3,4.0,3.0,4.6,3.9,4.7,1.3,5.4,3.1
430,3.0,4.0,5.1,4.9,2.4,3.7,4.1,3.1,5.1,3.9,2.6,2.4,3.9,3.5,3.8,3.4,4.5,4.1
431,1.5,1.8,2.6,2.8,3.8,3.4,2.7,3.2,0.3,3.4,4.0,4.0,2.4,3.5,3.7,3.3,3.5,3.6
432,3.6,3.0,4.3,2.7,3.1,1.4,4.5,2.8,4.0,2.5,2.4,3.0,3.7,4.0,3.6,2.7,3.6,2.7
433,3.0,5.5,3.2,4.4,4.2,5.1,4.8,5.3,3.1,5.9,4.1,2.6,3.4,2.3,3.6,4.6,4.1,3.0
434,5.4,4.5,4.5,2.8,3.9,3.8,4.4,4.9,4.3,3.4,3.8,4.6,3.1,3.7,2.9,2.1,2.0,3.7
435,3.6,3.8,1.3,3.0,2.4,3.6,5.1,1.9,2.4,2.9,1.4,1.6,5.2,5.4,4.5,2.6,2.5,5.3
436,2.4,4.0,4.0,3.7,3.1,2.5,3.0,4.7,3.4,4.8,2.0,3.3,4.9,4.1,3.8,4.4,4.4,4.5
437,2.7,1.9,3.6,4.2,3.2,2.4,2.3,3.0,3.0,3.2,4.4,3.6,4.3,5.2,3.3,4.1,4.0,3.6
438,4.1,3.3,4.7,3.5,4.3,2.9,4.6,4.4,4.2,3.2,5.5,4.4,3.2,3.5,3.1,3.5,3.7,3.2
439,4.8,5.4,4.8,3.5,5.1,3.9,3.3,6.4,5.1,3.7,6.0,4.1,5.6,4.2,3.4,3.8,2.4,3.9
440,2.7,2.8,4.5,4.4,2.1,2.2,4.3,3.4,2.9,2.8,3.7,3.3,3.0,1.3,2.8,3.6,3.7,3.8
441,3.5,3.2,2.7,2.3,3.2,1.9,3.0,3.4,5.3,3.7,1.0,1.3,2.3,2.4,4.2,1.9,3.9,3.0
442,2.6,4.3,1.1,1.7,2.8,3.8,3.3,4.5,4.2,3.5,2.2,2.4,3.4,4.1,3.5,3.5,2.6,3.4
443,4.5,3.9,2.7,3.1,5.5,2.9,4.6,3.7,4.3,4.3,4.6,4.4,3.2,3.4,2.8,3.8,4.8,0.8
444,3.0,4.0,3.3,4.4,2.7,3.6,3.9,3.2,3.1,3.0,3.5,4.6,4.8,4.1,3.4,5.4,3.2,4.2
445,3.4,2.4,4.3,5.0,2.8,2.9,3.9,3.7,2.5,2.5,3.7,4.3,3.9,4.1,5.2,4.8,4.2,6.2
446,5.0,2.2,4.4,2.9,3.6,3.7,3.3,3.1,3.2,2.8,4.7,4.3,4.2,2.1,2.5,4.0,3.6,3.7
447,3.7,2.1,3.7,4.1,4.5,1.7,2.5,4.1,3.5,2.9,2.7,3.2,4.0,3.5,2.1,3.8,4.0,3.1
448,2.4,3.4,2.1,2.9,3.0,3.9,3.4,2.9,2.1,2.7,3.0,2.9,0.2,1.0,4.0,2.4,3.2,2.7
449,4.3,5.6,3.9,4.1,3.5,4.3,2.7,4.8,5.2,4.3,2.5,3.4,3.2,2.9,4.5,3.1,4.0,2.6
450,6.1,4.5,3.4,3.2,4.7,2.9,2.6,5.4,5.0,3.8,3.8,3.9,3.2,3.2,2.3,2.7,4.9,3.8
451,2.8,4.2,4.0,4.1,2.1,5.5,4.8,2.4,3.0,4.5,3.8,3.8,3.9,3.7,3.4,4.1,2.5,4.9
452,5.4,1.7,3.1,4.6,3.2,1.1,3.0,3.8,3.5,0.9,3.6,3.5,3.3,3.0,3.6,4.6,2.7,2.9
453,2.2,1.8,3.3,3.4,2.0,1.9,1.7,3.1,2.6,2.0,3.0,1.9,2.7,3.1,3.5,4.2,5.4,4.6
454,3.0,2.0,4.5,5.3,2.0,2.0,2.7,2.6,4.0,1.7,2.3,3.6,4.2,4.2,3.4,3.9,4.4,4.1
455,3.9,5.8,2.9,2.2,3.5,4.4,4.3,4.3,2.7,5.0,4.3,1.6,1.7,2.8,3.0,1.4,2.1,1.9
456,3.1,3.3,4.5,6.4,4.3,3.9,3.5,3.5,3.3,4.6,4.2,2.8,4.3,2.6,2.8,5.6,2.8,2.6
457,2.9,1.3,2.4,4.1,3.4,2.3,1.5,3.5,1.9,1.7,2.8,3.6,4.5,4.3,4.4,3.9,4.2,3.3
458,3.4,3.1,5.0,4.4,1.8,4.0,4.2,1.3,3.7,2.5,2.9,2.4,3.8,4.5,6.0,3.3,4.1,4.7
459,3.5,4.8,5.1,5.1,3.3,4.0,5.4,3.2,2.3,4.7,3.0,3.0,5.0,4.5,3.6,4.9,3.9,5.1
460,2.3,3.9,4.2,3.6,1.7,3.9,2.1,3.1,2.8,2.8,1.9,3.6,4.6,3.0,3.6,3.2,1.6,2.7
461,4.7,3.0,1.9,2.2,4.5,4.1,2.5,3.1,3.7,2.7,3.4,2.2,3.2,2.0,2.4,3.2,4.2,4.0
462,2.7,3.7,2.7,4.4,3.6,4.8,3.3,2.5,3.6,4.6,2.2,3.4,3.3,2.8,2.8,5.1,2.6,2.9
463,3.1,3.1,2.6,1.9,2.9,3.5,3.1,3.3,4.0,3.5,3.3,2.5,1.3,1.9,3.7,2.6,2.4,3.2
464,3.7,4.1,3.8,3.3,3.1,4.6,1.8,4.4,2.7,2.6,2.7,2.3,2.0,3.2,3.6,3.9,2.8,2.1
465,3.7,3.4,0.9,2.9,4.7,3.1,4.2,3.7,2.9,4.7,4.4,3.7,2.3,3.6,4.4,4.7,3.2,2.1
466,4.9,3.8,3.3,4.1,5.2,4.2,4.4,3.5,4.6,4.8,4.5,5.5,2.9,2.8,2.7,6.2,3.1,3.1
467,2.7,4.4,4.1,5.2,2.0,3.3,3.6,4.1,4.3,2.7,2.7,3.0,4.6,2.3,3.2,4.0,5.5,5.0
468,4.9,4.2,5.9,4.1,2.2,3.1,5.2,3.8,4.3,3.0,2.8,3.3,2.8,5.2,4.3,5.2,3.0,4.8
469,3.3,3.6,0.9,3.7,2.2,2.7,3.1,3.5,4.3,1.7,2.3,2.8,3.1,2.8,2.3,2.1,4.7,4.0
470,4.3,3.2,2.4,3.3,3.5,4.3,3.7,3.1,3.2,3.8,4.1,5.1,4.3,5.5,4.5,3.2,3.4,3.9
471,3.1,2.2,3.3,3.9,4.6,1.9,3.9,3.7,2.6,2.3,4.3,4.1,2.9,2.6,2.3,4.0,3.4,3.1
472,3.4,3.8,3.5,2.8,3.1,3.7,4.4,3.9,3.5,3.2,3.0,3.0,2.5,3.1,5.2,2.2,4.4,2.0
473,2.6,3.3,4.7,3.8,1.5,4.0,3.2,1.9,3.2,2.6,2.4,3.1,3.7,5.1,3.3,2.8,3.0,3.5
474,3.1,3.0,4.7,5.4,3.0,3.0,3.4,2.3,3.2,3.0,2.2,3.4,2.5,3.8,2.8,4.7,2.3,3.3
475,3.7,4.5,3.9,3.0,3.9,4.9,4.8,3.1,3.7,4.7,3.1,2.6,3.5,4.5,3.2,4.6,2.0,4.5
476,3.0,3.1,1.7,3.1,2.5,2.8,4.6,2.7,3.7,3.3,3.0,2.4,2.6,3.4,4.5,2.6,3.8,2.3
477,3.0,3.3,2.1,3.3,4.3,3.4,2.1,5.1,2.7,3.0,3.9,3.9,3.2,2.8,3.1,3.2,1.3,2.3
478,2.5,3.7,4.3,4.3,2.1,3.1,3.1,4.1,5.0,3.0,2.3,1.8,4.0,3.2,3.5,4.3,4.0,5.2
479,3.5,4.7,2.1,2.6,2.5,5.2,4.2,5.5,4.1,3.0,2.5,4.1,2.9,4.0,5.3,3.5,3.3,3.5
480,4.3,4.3,3.2,3.6,4.4,3.5,3.2,5.6,3.8,3.2,4.0,3.1,3.1,2.3,4.2,5.0,3.5,3.4
481,2.3,2.9,1.2,2.9,1.3,3.3,2.8,1.4,2.5,3.5,1.3,2.1,4.1,5.4,5.9,3.8,3.4,3.5
482,3.0,2.8,3.5,5.9,2.7,4.1,1.9,2.1,3.7,4.1,3.0,2.6,4.4,2.4,0.8,4.7,4.3,2.2
483,1.9,3.3,4.9,3.1,3.0,3.8,4.5,3.0,3.5,3.8,2.8,3.1,4.3,4.1,2.9,2.9,4.7,2.1
484,2.4,3.4,3.3,4.2,4.4,1.5,2.0,4.6,3.3,3.6,2.8,3.3,3.5,3.7,3.8,4.7,3.8,5.1
485,2.3,3.5,3.8,4.1,5.4,4.3,3.4,3.8,3.0,3.7,3.4,3.2,3.5,2.4,3.8,3.6,3.6,3.2
486,4.1,3.8,4.9,4.7,3.8,3.7,2.7,3.3,4.1,2.3,2.8,2.4,2.8,3.7,3.3,5.3,2.3,3.4
487,4.5,4.0,2.6,2.3,4.1,3.7,3.9,4.3,4.9,3.0,3.6,4.2,4.9,2.7,0.8,2.6,1.9,2.2
488,4.2,2.5,3.4,3.5,4.5,2.2,2.3,3.2,4.8,2.0,4.4,2.9,4.9,2.7,1.7,3.9,3.9,4.6
489,4.3,4.1,2.9,3.6,2.9,4.8,5.3,2.9,3.0,3.4,4.5,4.5,2.5,3.8,3.6,2.2,1.5,1.6
490,2.8,2.2,4.9,4.1,2.6,2.9,1.3,3.0,3.5,2.3,2.9,4.7,2.2,5.0,4.3,5.0,4.9,2.6
491,3.6,2.8,4.3,2.9,3.6,2.6,2.7,2.5,3.6,3.0,3.3,2.6,4.7,3.6,3.6,3.1,4.7,4.6
492,1.9,2.7,3.4,2.2,4.2,3.1,4.4,3.9,3.1,3.4,3.1,3.2,3.3,2.6,2.6,2.8,1.1,2.1
493,2.5,3.7,4.0,4.5,3.8,3.8,3.6,3.8,4.0,3.4,3.1,3.8,4.8,4.5,3.1,4.4,3.9,4.8
494,5.2,4.0,0.7,1.9,2.8,3.5,3.2,3.4,4.5,3.9,2.7,3.7,2.8,2.2,3.1,2.0,2.1,2.0
495,3.4,3.4,3.9,3.7,3.1,3.0,3.2,2.9,4.6,3.9,2.2,3.0,4.3,5.6,3.7,2.2,3.9,4.8
496,2.8,3.7,2.9,2.9,2.3,3.9,3.9,2.7,3.5,4.6,2.8,4.5,4.3,6.1,4.6,2.7,4.3,4.3
497,3.4,4.4,3.9,2.5,3.2,4.2,4.3,3.9,4.9,4.2,3.1,3.9,3.3,2.8,2.4,2.9,4.0,3.7
498,3.0,3.9,4.8,5.2,3.7,5.2,4.1,3.4,3.9,3.7,3.9,3.6,3.3,3.7,4.1,4.2,3.5,3.6
499,3.9,3.2,2.7,3.4,4.2,3.3,2.2,4.0,3.5,2.6,5.6,4.3,4.9,3.7,2.9,3.3,3.1,2.9
500,2.5,3.1,5.7,4.7,3.0,3.8,4.2,2.0,2.8,4.0,2.2,3.5,3.0,4.6,5.0,4.3,2.4,4.4
501,3.4,3.0,3.3,3.0,1.7,4.2,3.8,1.8,2.9,2.8,2.4,1.9,2.9,4.4,4.1,2.5,4.2,4.0
502,4.1,2.5,3.5,2.8,3.5,2.0,4.0,2.6,2.4,4.4,3.6,3.9,1.8,3.8,2.8,3.3,4.5,2.5
503,2.8,2.1,3.2,3.7,3.7,3.1,1.9,2.3,2.4,3.1,2.9,2.0,3.3,3.5,3.5,3.9,2.4,4.3
504,3.9,4.7,3.4,3.7,3.2,4.6,4.9,2.1,4.5,3.8,3.1,3.3,2.2,2.9,2.7,3.2,3.5,3.6
505,3.2,3.7,4.0,2.6,3.5,3.0,1.5,5.5,3.0,2.1,4.4,4.0,4.9,2.5,4.0,2.7,3.7,4.6
506,6.5,4.3,3.2,3.3,4.1,2.4,2.5,6.1,5.1,1.8,3.8,3.5,2.2,2.1,2.6,3.9,3.5,4.2
507,2.7,4.2,3.0,5.0,1.1,3.2,3.5,4.5,3.6,2.1,3.5,3.2,3.3,3.1,3.4,2.6,5.0,1.9
508,3.4,4.1,3.3,3.5,2.4,4.3,5.4,3.8,2.7,4.1,4.4,3.6,2.7,5.3,4.2,3.4,3.8,4.0
509,1.6,2.3,2.2,2.5,4.3,2.2,1.7,4.2,3.1,1.6,3.4,3.3,4.2,2.4,1.9,1.7,3.1,3.0
510,4.5,4.2,3.2,3.7,0.7,3.4,3.2,2.2,3.7,3.9,2.7,3.3,3.3,4.2,5.4,3.4,3.3,4.1
511,2.4,3.1,3.5,3.1,3.8,3.1,2.9,4.0,3.1,2.3,2.2,2.6,5.2,6.7,2.6,3.1,3.2,3.5
512,3.3,3.4,2.5,1.9,3.8,4.5,3.5,2.6,3.5,3.9,3.5,3.9,5.2,3.0,3.6,2.4,4.5,3.9
513,3.0,2.6,4.1,4.0,3.2,2.2,2.8,3.1,3.1,2.7,3.8,4.1,5.4,3.6,5.2,3.9,5.8,5.3
514,4.3,3.3,4.2,3.7,3.9,3.3,2.8,4.2,3.2,2.7,3.9,3.7,3.4,5.4,3.4,4.8,4.0,3.1
515,2.6,3.5,3.9,2.9,2.6,1.7,2.5,4.4,3.4,2.2,3.5,4.2,3.4,2.8,3.7,3.5,2.1,1.9
516,2.9,3.4,3.8,3.9,4.5,2.2,2.6,4.0,4.6,2.9,4.1,2.3,3.9,3.3,3.0,3.0,3.5,3.4
517,2.2,4.5,2.6,4.5,1.5,3.2,2.2,2.2,5.2,3.4,2.4,2.8,4.2,2.6,4.0,3.7,4.4,3.3
518,4.1,5.4,3.8,3.5,3.4,4.3,3.5,4.5,4.2,4.5,2.3,2.8,3.3,1.4,2.4,3.0,3.8,4.3
519,3.3,1.6,4.1,2.3,4.1,3.1,3.8,3.3,2.2,2.7,3.2,3.7,4.7,3.7,3.7,3.5,3.1,3.0
520,3.3,5.4,4.1,3.6,3.7,4.0,4.2,4.6,5.1,4.5,3.1,2.2,3.9,3.5,3.7,2.4,2.2,4.2
521,2.9,4.2,4.9,3.9,3.6,4.5,2.1,3.4,2.9,4.4,2.6,2.4,4.0,3.3,3.0,3.2,3.2,2.9
522,3.1,4.3,2.1,3.0,3.6,4.4,4.9,3.6,4.0,3.6,1.8,2.0,3.3,4.1,2.5,4.0,4.2,4.2
523,4.1,4.8,4.4,3.2,2.7,4.5,2.3,4.4,3.5,4.1,4.2,3.7,1.8,2.5,3.7,1.1,2.3,2.8
524,2.5,2.6,4.7,4.4,1.7,3.3,3.1,1.7,3.6,2.7,1.6,1.8,3.4,4.5,5.0,4.1,4.3,4.0
525,3.4,4.9,5.1,2.8,4.0,4.4,5.0,5.7,3.8,4.5,4.7,5.5,1.5,1.5,2.0,2.4,3.0,2.2
526,2.2,2.5,5.2,4.1,2.3,3.4,3.7,1.4,3.3,3.7,4.4,5.0,4.4,3.1,3.5,4.5,3.1,3.6
527,2.1,1.6,4.2,2.6,3.3,1.5,4.1,3.5,2.5,3.5,4.2,3.3,3.2,3.2,4.5,2.3,2.3,2.0
528,3.6,3.1,4.0,3.2,2.3,4.3,3.9,2.3,4.4,3.8,2.3,3.7,4.1,3.7,3.4,4.5,2.2,3.3
529,4.9,3.7,2.3,4.8,4.8,5.0,5.2,3.2,2.8,4.6,4.0,3.4,3.3,2.5,2.2,3.4,2.9,3.6
530,2.6,0.7,4.0,4.5,3.1,0.7,1.3,2.6,2.3,0.3,2.2,4.3,2.4,2.8,4.3,3.7,2.5,3.1
531,3.6,4.1,3.1,4.4,1.9,4.4,2.7,3.1,3.2,3.8,2.5,1.8,4.7,3.3,2.0,3.5,1.1,3.7
532,5.8,4.7,4.1,3.4,4.2,2.1,3.3,6.3,5.5,3.6,4.1,4.5,2.9,2.4,2.4,4.1,4.6,4.2
533,3.6,4.6,2.4,3.0,2.4,4.4,4.4,4.1,4.5,4.7,3.8,2.2,3.1,3.6,3.0,1.0,3.8,4.3
534,2.7,2.5,1.6,3.1,1.0,3.9,3.0,1.9,3.0,2.5,0.7,1.8,2.7,2.5,3.0,2.6,0.8,2.4
535,2.6,4.4,3.7,4.1,1.4,3.4,4.5,2.9,3.9,3.8,3.1,3.7,5.2,3.7,4.1,2.5,4.4,4.3
536,2.7,2.4,3.2,3.7,2.1,1.6,3.3,3.2,3.2,2.2,2.7,2.5,2.5,3.5,3.2,4.7,3.2,2.0
537,4.3,1.2,3.3,2.4,5.2,1.9,1.6,3.3,2.6,1.4,4.4,4.7,3.7,3.4,3.9,3.1,3.0,4.2
538,3.1,3.1,2.5,4.1,4.4,3.5,3.9,3.5,2.3,4.4,4.7,4.3,5.4,3.1,3.8,3.6,2.3,2.3
539,2.5,3.3,1.7,3.4,1.5,3.7,3.4,2.4,3.1,3.3,1.8,1.8,4.3,2.0,1.6,4.3,3.2,4.4
540,2.3,2.0,4.4,4.5,4.4,2.5,1.8,2.5,3.0,4.3,3.2,3.2,2.4,2.6,2.3,3.2,1.2,3.4
541,2.3,2.0,0.7,4.1,2.7,2.8,3.6,2.2,1.7,1.8,2.4,3.0,1.6,3.6,3.5,4.3,4.8,3.0
542,4.0,4.2,2.3,3.2,5.1,5.0,3.7,4.1,3.9,4.6,3.6,2.3,2.9,2.3,2.5,3.7,1.6,2.2
543,3.8,4.0,4.1,4.5,4.5,4.2,4.2,4.9,3.5,2.6,4.9,4.7,3.5,3.6,2.3,3.0,2.3,3.4
544,5.6,3.9,3.0,3.7,4.7,3.6,2.0,4.3,3.8,3.6,5.1,3.4,3.8,2.3,3.3,3.5,2.9,3.5
545,3.3,4.3,4.7,3.4,3.0,4.4,3.7,4.0,3.6,5.1,4.3,4.5,3.9,4.0,4.8,3.8,4.0,3.4
546,2.7,1.7,2.9,2.7,2.4,2.1,2.9,2.9,2.0,2.6,2.8,2.8,2.8,3.8,4.1,3.4,4.5,2.7
547,3.5,2.0,2.1,3.2,2.9,2.2,4.2,2.4,3.9,2.2,3.6,2.3,3.3,4.7,4.1,3.8,2.7,2.8
548,4.3,3.9,3.5,2.6,3.2,2.7,1.9,3.8,5.0,3.1,3.0,4.1,2.8,3.7,3.9,3.4,1.5,4.1
549,3.4,4.0,2.8,3.7,3.8,4.1,2.4,3.5,4.9,2.9,3.3,2.4,2.4,3.1,3.4,3.8,3.4,3.0
550,2.8,3.5,3.1,3.3,3.3,2.7,3.5,4.3,2.8,3.4,2.8,3.3,2.9,2.6,5.1,3.2,2.2,2.7
551,3.2,2.5,3.5,4.1,3.8,2.1,2.2,3.9,2.3,2.7,4.8,3.5,4.9,3.2,0.6,4.4,2.9,3.0
552,5.6,4.5,3.1,3.0,4.0,4.2,2.9,4.9,5.0,2.5,4.2,4.7,3.1,3.5,3.3,2.1,1.6,4.2
553,4.5,3.7,2.4,3.5,2.8,3.5,3.2,4.0,3.2,4.0,3.9,4.8,3.7,3.6,3.3,2.8,4.3,4.5
554,3.8,3.7,4.2,3.4,4.8,3.6,3.9,4.2,3.9,4.4,3.8,4.2,3.4,2.9,1.8,2.4,2.5,3.7
555,2.4,3.8,2.8,1.7,3.0,4.9,2.8,3.0,2.8,3.2,4.0,2.2,1.3,2.5,5.0,3.3,3.6,3.8
556,3.2,2.2,3.5,2.5,3.7,1.5,4.1,2.9,2.0,3.2,5.3,4.1,2.7,2.2,3.4,3.2,2.6,4.5
557,4.7,4.3,3.6,2.8,4.6,3.1,2.9,4.9,5.3,2.6,3.8,3.7,3.6,1.9,3.6,2.6,4.4,3.8
558,3.3,3.6,4.6,3.2,4.5,3.5,4.1,3.2,3.7,4.8,3.7,4.6,4.8,5.4,4.5,3.8,5.1,4.5
559,2.9,1.8,4.3,2.5,2.2,1.8,1.5,3.2,4.4,1.3,3.9,2.6,3.5,4.7,4.2,3.7,4.5,3.7
560,4.8,2.5,3.8,2.3,5.4,2.1,2.5,4.7,4.4,1.4,5.0,5.3,3.9,3.8,3.4,1.2,2.7,3.8
561,3.4,3.3,4.6,2.6,1.4,3.7,3.7,1.3,3.9,2.9,3.2,2.5,5.1,3.7,3.0,4.5,4.7,4.0
562,4.2,4.5,4.1,3.5,4.1,3.6,2.4,4.4,3.8,4.7,3.9,5.1,4.8,4.1,4.4,4.2,4.0,2.9
563,3.9,2.3,3.7,3.3,3.5,2.8,2.0,3.3,3.9,1.8,3.8,4.6,4.4,4.7,2.9,4.0,4.0,3.0
564,4.0,3.9,4.6,3.7,2.7,4.9,4.2,2.1,3.2,3.7,3.6,2.4,3.8,1.7,2.1,2.7,4.3,3.4
565,2.5,3.6,4.0,5.7,4.1,4.1,3.5,3.3,2.9,2.5,3.8,4.4,2.8,4.3,3.7,4.5,3.1,3.0
566,5.0,4.5,2.9,3.2,4.1,3.7,4.2,4.3,4.9,2.6,4.0,4.1,3.0,4.4,3.4,3.5,2.7,3.9
567,3.4,3.0,3.1,4.3,4.3,3.3,4.0,4.1,2.1,3.2,3.6,3.5,4.0,4.7,4.3,4.1,3.1,3.0
568,2.9,3.7,2.2,1.6,2.5,2.8,3.7,4.1,2.3,3.7,2.3,3.5,2.3,2.1,3.0,2.7,3.9,4.5
569,3.1,4.6,3.1,1.1,3.0,3.7,3.4,3.2,3.8,4.1,2.7,2.9,3.7,3.3,2.5,3.5,3.7,1.9
570,3.4,4.4,3.9,3.5,4.7,4.9,2.8,3.2,4.2,4.1,3.3,4.4,3.6,2.4,2.2,3.7,4.7,3.6
571,3.1,3.4,3.3,3.9,2.9,4.0,2.3,2.7,4.0,3.8,2.6,2.3,4.9,3.8,4.2,3.7,2.0,4.7
572,4.2,5.5,3.1,4.3,3.6,5.4,3.5,4.2,3.9,4.6,3.8,5.3,3.6,4.3,3.0,4.0,3.3,2.8
573,3.5,3.2,3.1,4.3,4.7,2.6,3.8,3.5,3.7,3.6,4.2,2.9,2.8,2.7,2.4,4.3,1.1,4.6
574,2.4,3.0,4.3,3.0,2.8,2.4,4.2,5.0,3.0,1.9,3.2,3.5,4.3,3.4,5.7,3.1,5.0,5.0
575,3.9,3.2,3.6,5.1,5.5,2.3,3.9,5.7,5.0,2.1,4.2,4.7,5.6,4.7,3.6,4.5,4.1,4.6
576,2.1,3.1,4.9,5.6,3.3,2.7,4.3,2.5,3.6,3.7,4.3,4.7,2.9,1.9,2.4,3.8,2.5,5.0
577,3.3,3.9,2.7,1.7,3.6,4.8,4.7,3.1,3.6,3.2,4.8,4.3,2.9,4.8,3.9,2.9,3.2,4.0
578,4.6,4.5,3.2,3.4,2.3,3.5,3.0,3.9,4.7,3.6,2.8,2.1,2.2,2.2,2.0,3.8,1.4,2.4
579,4.2,3.3,3.0,3.4,2.9,3.5,3.1,2.7,4.3,3.7,3.6,4.6,1.9,2.9,3.6,2.9,3.9,3.7
580,2.8,2.5,3.7,2.6,2.5,1.3,4.2,3.1,2.2,2.9,2.1,4.1,3.0,3.3,3.8,3.2,4.6,3.3
581,3.2,3.6,2.7,3.1,2.6,3.5,3.4,3.5,2.6,3.3,1.5,3.7,2.4,4.2,3.9,2.7,4.3,4.5
582,4.3,3.7,3.9,4.5,3.7,4.2,2.3,4.1,4.1,2.0,3.5,5.4,5.4,2.5,1.2,3.6,1.9,2.6
583,4.8,3.8,3.6,3.9,3.4,1.9,1.2,3.8,5.2,4.6,1.9,4.8,4.8,4.8,3.3,4.2,4.9,5.4
584,3.4,4.1,2.1,2.4,3.8,2.6,2.6,4.7,4.7,0.9,3.5,3.3,4.6,3.1,4.0,2.6,4.0,3.0
585,2.7,3.5,2.5,2.3,2.4,2.3,2.6,3.0,3.2,2.0,1.9,2.2,3.9,4.0,3.9,3.9,4.6,4.3
586,4.1,3.7,4.8,4.0,3.8,2.7,2.2,5.2,2.6,3.7,4.7,4.2,3.3,2.7,2.9,3.6,2.3,2.7
587,5.0,4.2,2.6,4.5,3.8,5.1,3.6,3.5,3.0,3.1,2.7,4.2,5.6,5.8,1.6,3.6,5.1,5.0
588,2.2,4.4,3.0,4.6,3.1,3.6,4.0,3.5,4.3,3.8,2.9,4.9,4.9,3.3,3.2,5.0,3.9,4.0
589,2.7,1.6,3.5,4.4,5.1,2.5,3.1,2.9,2.8,3.8,3.9,4.3,4.3,3.7,2.8,5.1,2.7,3.7
590,4.3,4.7,4.0,2.1,2.9,4.4,2.9,2.1,4.9,4.6,3.1,3.1,3.6,5.1,3.9,1.7,3.5,3.9
591,3.5,3.3,3.2,3.5,2.3,2.9,2.6,2.5,3.3,2.7,2.7,2.9,4.3,3.0,3.3,2.1,4.0,3.2
592,1.2,3.5,3.3,0.9,2.6,4.6,3.1,3.0,2.5,3.0,2.6,2.0,4.0,3.6,3.7,3.9,3.3,4.7
593,3.0,2.6,5.5,5.8,2.6,3.7,4.6,1.3,1.7,3.3,3.6,1.9,2.7,2.4,4.6,5.8,4.4,3.5
594,3.4,3.6,4.1,4.1,3.5,4.5,3.7,3.9,3.0,3.4,3.4,4.3,2.8,2.0,2.3,5.2,2.5,3.0
595,2.9,2.5,5.5,4.4,2.7,3.1,1.7,2.3,3.6,3.7,3.7,1.6,4.0,4.8,3.3,3.8,3.7,3.7
596,5.2,3.9,2.4,3.7,4.5,3.8,4.0,4.7,3.9,3.9,5.7,4.2,4.5,3.4,4.6,3.6,3.3,4.2
597,4.0,3.4,3.0,2.0,3.2,2.1,3.8,2.9,3.7,3.1,3.8,1.5,3.4,3.5,3.6,1.7,2.9,3.7
598,3.6,3.8,2.2,3.4,4.9,3.6,3.5,4.1,5.3,2.9,4.2,3.5,3.6,4.4,3.6,3.3,4.6,5.3
599,3.5,2.3,2.1,1.5,3.3,2.8,2.8,2.8,4.7,2.1,2.8,3.0,2.5,2.2,3.7,1.6,2.8,3.4
600,3.5,4.3,1.1,1.9,4.0,3.7,3.3,4.1,5.3,2.8,2.4,3.1,3.4,3.0,3.4,2.8,4.1,3.0
601,3.3,3.0,3.5,2.7,2.7,3.5,3.3,2.2,2.9,3.6,3.5,3.8,3.1,4.1,4.0,5.6,3.0,4.0
602,4.4,4.1,3.9,2.5,4.3,3.5,3.6,3.8,4.6,3.9,2.4,3.3,2.9,2.8,3.0,4.5,2.8,3.2
603,3.8,4.2,4.0,1.9,1.3,3.2,1.1,3.8,3.9,2.0,3.2,2.8,5.1,5.2,3.7,2.9,3.5,3.6
604,6.1,3.9,2.6,3.6,6.1,2.8,2.9,4.8,4.2,2.2,4.6,3.6,2.8,2.8,3.9,2.5,3.7,3.4
605,1.9,3.3,4.1,3.5,2.0,4.2,3.1,1.6,3.5,3.5,1.1,2.7,5.6,4.5,3.7,4.0,4.0,3.9
606,3.0,3.0,3.8,3.4,2.3,3.7,4.0,2.1,2.6,4.1,3.9,3.3,3.6,5.3,4.9,2.9,3.0,4.4
607,4.5,3.1,5.3,3.7,5.2,4.0,2.3,5.2,3.3,2.8,5.3,5.4,4.7,2.4,2.3,4.2,4.5,4.5
608,4.2,5.3,3.8,4.6,4.1,3.9,3.7,5.2,4.5,4.9,3.6,5.7,4.1,4.1,4.2,4.4,6.5,3.7
609,2.2,1.9,3.6,3.1,4.3,1.3,1.9,3.2,3.5,2.6,3.7,3.1,5.9,4.8,4.2,2.8,5.0,4.7
610,4.1,4.0,4.1,4.4,1.8,2.7,2.8,3.3,3.8,3.0,0.7,2.0,2.6,4.1,2.1,4.7,2.2,2.2
611,3.7,3.6,3.6,2.8,3.1,3.6,3.6,3.2,2.2,4.5,4.1,5.7,3.5,2.8,2.0,3.2,3.2,4.5
612,3.7,4.1,4.2,4.3,4.1,3.4,4.1,3.5,4.5,4.0,3.8,3.1,2.7,3.1,3.3,3.6,4.0,3.1
613,2.8,3.6,3.0,3.6,4.0,3.1,3.2,3.8,4.2,2.7,1.9,3.1,3.9,3.9,2.9,3.1,3.8,3.4
614,3.5,2.6,3.4,4.2,4.5,2.6,3.5,3.9,3.7,3.1,3.5,3.8,4.5,4.2,2.8,3.0,2.6,2.9
615,2.7,3.5,3.0,2.5,2.9,4.3,3.7,2.2,3.5,4.3,3.1,3.5,2.6,3.1,2.1,3.2,2.7,3.9
616,3.6,2.5,2.6,4.2,2.7,3.0,4.0,2.2,3.2,3.6,3.0,2.4,5.5,5.0,4.0,5.1,5.5,4.1
617,4.0,4.7,6.5,4.4,3.0,3.3,4.3,3.5,4.5,3.3,2.2,2.1,4.4,4.7,4.0,3.8,4.9,4.5
618,3.7,4.6,4.0,4.2,3.8,4.3,3.7,5.2,3.5,4.3,4.2,3.6,3.6,4.4,4.1,2.7,3.2,2.1
619,2.1,2.4,5.2,2.5,3.7,3.1,2.6,4.3,0.3,2.9,3.8,4.2,2.3,3.0,3.0,3.6,4.0,3.3
620,2.4,3.0,4.9,4.1,3.3,3.4,3.2,3.0,4.2,3.1,1.2,2.1,3.2,4.0,2.7,6.7,3.0,2.5
621,3.9,4.1,2.9,4.0,2.9,5.5,4.0,1.9,2.7,5.0,4.7,4.9,4.0,3.0,4.3,2.9,2.6,2.6
622,3.0,5.1,3.5,2.0,3.1,4.9,3.2,4.2,5.1,3.8,3.6,3.5,4.4,3.7,4.4,1.6,3.8,3.5
623,2.9,3.4,2.8,3.6,1.3,2.2,3.5,2.8,4.0,3.2,1.7,2.1,3.1,5.0,1.8,3.1,3.5,4.2
624,6.0,4.6,4.9,2.8,4.6,3.7,5.3,5.3,3.4,4.4,6.4,4.8,4.8,4.3,3.6,4.1,4.1,3.3
625,0.7,1.5,4.6,3.0,0.9,2.8,2.2,0.6,1.8,3.8,1.3,2.8,3.8,3.7,3.0,4.3,4.7,3.7
626,0.7,3.7,1.9,1.8,2.6,4.6,4.1,2.9,2.6,5.2,1.3,1.7,4.1,2.6,4.7,2.4,2.6,4.2
627,1.5,1.9,3.6,2.0,3.4,4.5,4.0,1.9,0.5,3.3,3.5,3.8,3.0,2.8,2.8,2.8,4.2,4.1
628,3.1,5.9,2.0,2.3,2.1,5.3,4.7,3.7,4.0,3.9,2.2,3.2,3.1,2.6,4.2,2.9,3.5,2.8
629,3.5,2.5,3.9,3.6,4.1,2.2,1.7,4.0,4.1,2.9,3.1,1.9,2.9,3.4,3.9,3.6,3.4,3.2
630,3.3,4.4,2.0,2.9,3.2,4.1,4.7,3.7,4.7,3.1,3.0,1.9,2.7,2.5,2.0,2.8,2.2,2.4
631,4.1,4.6,4.2,2.9,2.9,3.5,2.4,3.2,4.8,4.2,3.5,2.9,5.2,4.7,4.8,2.4,3.0,5.5
632,4.4,3.3,3.4,3.7,4.0,4.8,4.2,2.3,2.7,4.9,3.4,3.2,4.1,2.0,0.8,4.3,2.9,3.4
633,4.6,3.0,4.7,5.8,3.8,2.6,3.2,4.4,3.2,4.1,4.9,4.9,3.6,4.2,3.5,3.3,3.4,4.7
634,4.3,3.7,2.1,3.6,2.5,3.4,3.7,3.5,3.6,3.4,3.4,3.1,3.3,3.6,3.3,4.2,5.1,3.6
635,3.4,1.8,3.6,3.0,3.2,2.5,3.7,2.8,1.4,3.4,4.1,4.9,2.1,1.8,3.2,3.7,3.2,1.4
636,2.9,4.2,3.8,3.1,3.9,3.9,2.9,3.9,4.2,3.1,4.3,5.2,3.7,3.2,3.7,2.7,3.6,3.6
637,2.3,3.9,3.8,2.3,1.3,5.4,4.1,1.9,2.2,5.1,2.2,2.1,3.2,4.3,5.2,3.8,4.1,3.8
638,3.7,4.8,3.4,3.7,3.2,4.6,4.0,4.3,4.2,3.2,2.9,2.3,3.4,2.2,2.4,3.1,2.7,3.3
639,3.2,5.9,3.3,4.9,3.7,5.2,5.0,3.6,4.1,6.2,3.8,2.8,3.5,2.6,5.0,2.1,4.3,3.4
640,3.5,4.4,4.2,2.6,3.4,6.2,5.9,2.0,1.9,5.8,4.0,3.5,4.3,3.9,5.1,3.1,5.4,3.7
641,1.7,3.5,3.0,0.4,2.7,4.1,5.3,3.7,3.2,4.9,2.8,1.5,1.5,1.9,4.5,3.4,4.3,2.7
642,2.2,3.7,3.7,3.0,1.6,3.3,2.4,2.1,3.6,2.4,1.7,2.1,4.6,4.4,3.5,2.9,4.1,2.6
643,2.8,5.1,2.5,3.0,3.0,5.0,5.4,4.5,3.4,4.6,2.4,3.0,3.4,4.0,2.1,2.5,3.0,3.9
644,4.0,3.8,4.1,3.3,3.1,3.8,3.8,3.6,3.2,4.0,3.4,2.9,3.4,3.6,4.0,4.5,3.4,5.0
645,3.7,4.2,3.6,2.7,3.5,4.6,3.2,4.4,4.7,3.2,3.5,3.7,4.5,4.8,3.8,1.1,5.0,5.3
646,2.9,3.4,3.9,4.8,3.5,4.3,3.3,2.9,3.1,3.8,3.7,4.3,2.4,3.5,4.0,3.7,2.3,2.0
647,3.0,5.5,2.8,3.0,2.8,4.9,4.6,3.6,4.4,5.4,2.8,2.7,4.0,3.8,2.1,3.3,2.5,2.8
648,3.7,3.4,2.4,4.0,3.6,3.0,3.5,3.1,3.9,3.7,3.5,3.0,4.6,5.3,2.6,3.8,2.4,4.5
649,4.3,3.0,3.4,2.9,3.7,3.4,4.1,2.9,4.3,2.8,2.5,3.0,4.2,2.8,3.9,2.2,3.2,4.2
650,3.3,3.7,1.7,2.2,2.1,3.3,4.1,3.2,3.1,3.1,2.5,5.1,2.9,3.4,1.4,2.7,4.1,2.5
651,2.5,2.2,2.1,2.0,1.8,2.9,2.3,1.5,3.4,2.9,3.5,1.9,5.2,4.4,3.7,2.6,3.6,4.0
652,3.1,4.1,5.2,3.8,3.8,5.3,4.2,3.5,3.3,3.6,4.1,3.6,4.1,4.8,3.6,4.5,2.0,3.4
653,2.6,4.3,3.2,4.4,4.1,3.4,1.4,5.0,5.9,3.4,3.2,2.4,4.2,1.8,3.0,4.5,4.9,3.6
654,3.1,3.3,4.7,4.2,3.8,3.3,2.5,4.1,3.6,2.1,4.4,3.3,4.4,4.8,2.6,4.9,4.4,3.1
655,2.1,3.7,3.9,4.8,2.9,3.3,4.3,3.3,3.1,4.3,3.2,2.4,5.2,3.6,4.1,3.7,4.6,3.8
656,3.9,3.2,3.8,4.7,4.5,3.5,4.4,4.9,3.2,3.3,4.7,5.7,3.4,3.9,5.7,3.9,5.0,4.3
657,3.0,3.3,3.8,3.7,2.5,4.0,3.0,3.7,2.6,3.7,4.2,3.8,2.7,2.6,5.8,2.9,3.8,3.5
658,4.9,2.8,2.9,2.5,4.0,2.6,3.7,3.2,3.1,3.6,3.6,2.8,4.5,3.4,3.8,3.2,4.6,4.3
659,3.6,2.7,3.0,4.1,3.2,2.7,3.1,2.4,3.9,2.8,2.9,1.7,4.1,4.4,3.5,4.0,4.8,3.8
660,2.0,2.8,3.3,4.4,2.4,3.7,2.2,3.1,3.4,3.6,3.7,2.4,3.7,2.6,2.7,4.3,3.0,3.5
661,3.9,3.4,3.3,3.9,3.6,3.9,2.7,3.5,4.9,3.8,4.1,4.6,4.6,5.6,3.5,2.7,4.4,4.8
662,3.7,2.9,2.9,1.8,5.1,3.7,3.8,4.4,2.7,4.6,4.8,4.0,3.2,2.9,3.5,1.3,4.0,3.2
663,2.9,3.4,2.6,3.2,4.1,2.8,2.2,4.7,3.5,1.3,2.8,2.4,4.4,2.9,3.0,4.0,3.3,4.3
664,3.6,2.8,2.9,2.9,3.4,2.2,4.2,2.6,2.6,3.4,4.1,4.2,5.1,3.5,4.6,3.8,5.7,3.2
665,3.7,2.4,3.1,4.3,4.9,2.3,3.5,3.8,2.5,3.3,4.4,3.9,3.2,2.9,4.1,3.1,3.7,5.1
666,5.0,3.5,3.5,3.4,3.9,2.8,2.1,3.6,5.2,3.5,3.1,3.9,2.6,3.0,4.7,2.4,3.2,1.1
667,4.3,5.7,4.0,2.3,5.3,4.3,3.8,6.1,5.4,4.4,3.0,4.7,3.3,3.0,4.6,1.3,4.4,3.9
668,1.4,3.3,3.7,3.1,3.1,4.0,3.4,3.5,2.9,3.7,3.2,3.2,4.7,4.4,4.3,4.9,4.0,3.5
669,2.1,2.5,2.9,4.8,2.6,3.9,4.4,0.2,3.3,3.9,3.2,2.9,3.2,3.8,1.5,5.4,1.5,3.9
670,4.0,3.5,4.0,4.1,3.7,1.6,2.1,5.0,5.2,1.1,4.6,4.4,2.7,4.6,3.3,4.3,3.3,4.0
671,5.4,5.8,4.8,3.3,4.4,5.6,5.2,5.3,4.3,5.1,3.1,4.5,2.8,2.8,4.8,3.6,3.8,2.7
672,4.3,5.0,3.1,2.9,2.7,4.2,2.8,3.4,4.0,5.3,3.3,2.1,3.1,4.6,4.2,1.0,4.6,3.7
673,3.4,2.9,4.5,2.8,3.7,4.4,4.4,3.1,1.5,3.4,4.5,3.1,3.0,2.6,2.9,3.3,3.3,3.6
674,3.6,3.6,4.3,3.9,2.6,3.1,2.9,2.3,3.8,3.7,2.5,2.8,2.4,2.4,5.0,3.4,2.3,2.4
675,4.4,3.2,2.7,3.5,4.2,3.3,5.0,3.3,3.3,2.7,4.1,4.8,3.5,3.5,3.0,3.0,2.0,2.4
676,4.7,5.1,3.6,3.7,2.8,4.0,4.7,3.9,4.8,4.3,3.2,3.4,4.0,4.1,4.4,1.7,3.7,3.0
677,3.1,4.8,4.5,4.9,3.9,3.9,5.6,4.5,3.6,5.2,4.2,3.3,1.5,2.7,4.5,3.9,3.4,2.8
678,4.4,2.9,3.2,3.5,3.0,3.8,4.1,3.0,3.1,3.0,3.5,4.1,1.8,3.8,3.7,4.5,2.5,2.6
679,4.1,4.1,3.5,1.7,4.1,2.8,4.0,4.1,3.1,4.2,4.1,3.4,4.4,4.0,4.3,3.4,3.8,4.4
680,3.9,4.9,4.2,3.1,4.8,5.5,3.7,3.9,3.8,5.4,4.4,4.2,3.0,4.0,4.5,3.2,4.2,2.9
681,4.1,1.6,4.8,4.2,3.4,1.6,2.9,3.1,3.1,0.9,3.9,2.8,3.2,2.3,2.5,4.3,2.9,3.0
682,4.1,4.4,3.4,3.8,2.1,3.4,3.9,1.6,4.1,5.8,2.7,2.7,3.3,3.0,5.1,3.1,3.7,4.2
683,3.1,4.6,5.0,3.9,5.5,4.1,3.7,5.8,4.8,4.0,4.1,4.4,3.8,3.1,1.6,3.5,5.8,4.0
684,2.1,4.0,4.7,3.3,4.0,5.3,5.3,3.4,3.8,3.6,3.5,4.0,2.2,3.3,4.1,3.9,2.6,3.5
685,0.8,1.8,2.9,3.9,1.9,3.7,1.9,1.3,1.9,3.8,2.1,3.7,4.2,4.6,3.1,4.6,5.1,3.8
686,3.9,4.8,5.5,2.8,3.9,4.2,2.9,4.0,4.0,4.3,4.1,2.9,2.7,4.3,4.1,4.5,4.5,3.6
687,3.6,3.9,4.1,3.6,4.1,4.4,4.8,3.3,3.2,5.7,2.7,3.0,2.4,3.1,3.4,3.9,2.8,2.7
688,2.4,2.1,3.6,1.4,1.9,2.5,1.5,2.4,3.3,2.1,2.3,1.8,2.6,2.7,3.1,1.7,3.3,2.4
689,3.4,2.6,3.1,4.4,4.1,3.1,2.7,3.1,3.7,2.6,3.3,3.5,3.4,1.7,3.7,5.2,2.7,0.5
690,3.4,3.9,4.3,4.4,4.2,3.6,2.4,5.4,2.2,3.2,3.6,3.2,4.6,3.4,3.8,3.3,3.5,5.0
691,5.8,4.3,3.8,1.9,2.7,3.8,4.1,4.5,5.0,0.6,4.7,2.5,3.2,1.5,2.6,3.6,2.3,1.3
692,3.4,4.6,3.1,3.2,2.2,3.1,4.8,3.2,4.4,3.9,2.9,2.8,1.1,3.5,4.3,2.9,2.4,0.9
693,5.6,4.2,3.2,3.0,4.0,4.8,3.6,4.0,4.2,1.9,4.4,4.6,3.6,5.6,3.9,2.8,4.4,5.5
694,4.9,3.9,5.5,3.4,4.2,4.0,3.2,4.9,3.5,2.7,3.8,3.7,3.8,5.3,4.3,4.2,2.7,4.4
695,1.6,1.1,4.5,3.3,4.2,2.1,2.8,2.7,1.6,2.8,3.1,2.8,2.7,4.1,5.5,3.1,3.3,4.4
696,2.6,3.4,3.8,4.1,2.5,3.8,2.7,3.6,2.5,3.2,2.5,2.5,3.0,3.9,3.2,3.5,1.5,3.7
697,4.6,5.3,4.6,3.8,1.9,4.1,3.9,3.1,5.4,4.1,2.4,2.7,2.2,3.7,3.7,3.3,2.4,3.0
698,1.7,3.6,3.4,2.3,2.4,3.7,3.2,3.5,3.3,2.6,1.3,1.8,2.5,3.5,3.4,3.3,3.9,3.2
699,3.4,2.6,3.3,4.1,3.1,2.1,3.4,1.9,4.7,1.7,2.8,3.2,3.9,3.1,2.1,4.2,3.7,2.0
700,1.9,2.4,3.2,4.5,3.2,2.6,2.5,2.8,3.6,2.5,3.1,3.8,2.5,3.5,3.4,5.1,1.6,2.4
701,3.4,1.7,4.3,4.8,4.0,3.0,2.1,3.3,2.9,2.2,4.0,4.6,4.2,4.9,3.3,5.3,3.9,4.5
702,4.1,3.0,4.3,3.1,4.4,2.7,3.3,4.8,3.2,4.0,3.8,2.4,2.8,4.1,3.2,3.1,3.1,2.8
703,3.3,3.9,3.8,3.0,3.4,3.4,2.0,3.9,3.8,2.4,3.6,4.5,4.8,4.4,3.6,3.0,4.0,3.8
704,4.8,4.1,2.2,3.6,3.5,4.1,3.5,3.8,4.7,3.8,3.4,3.5,4.1,4.3,2.9,4.1,3.0,3.3
705,4.9,4.6,3.9,5.6,3.3,3.6,1.9,4.4,4.5,2.9,4.4,3.6,3.8,4.2,4.3,5.1,1.7,3.3
706,4.6,3.2,2.9,2.0,5.1,3.0,3.9,3.9,2.4,3.4,4.0,5.5,4.1,2.5,2.5,2.6,4.3,4.2
707,2.4,3.7,2.9,2.9,2.7,3.5,4.6,1.1,3.2,5.7,2.5,4.7,1.3,0.7,1.3,2.9,2.7,2.1
708,3.8,2.6,3.3,2.6,4.8,3.1,2.6,3.7,3.1,2.2,4.7,4.1,4.6,2.1,2.8,1.9,4.5,5.4
709,5.5,5.2,3.1,2.5,3.8,2.6,3.7,5.3,5.2,3.4,3.7,2.6,3.2,4.0,3.7,2.4,3.6,3.7
710,4.8,4.4,3.2,3.6,4.2,4.0,3.9,5.0,4.9,4.1,4.4,4.1,2.7,5.2,4.1,3.4,4.5,2.9
711,3.0,4.6,2.8,3.5,3.8,4.4,4.3,3.6,3.9,4.1,2.5,4.3,4.1,3.6,3.2,2.0,3.6,4.0
712,3.2,3.1,3.9,3.1,3.2,4.2,3.3,3.3,1.9,3.8,3.7,3.3,3.2,1.9,2.3,2.2,3.1,2.5
713,3.0,3.7,3.5,6.7,3.9,3.1,2.0,4.3,4.4,2.7,3.2,3.9,2.8,2.4,4.3,6.9,3.9,2.6
714,3.7,5.5,1.5,1.4,2.8,5.3,6.4,4.3,4.2,4.1,4.6,4.1,4.8,4.4,5.3,2.5,3.5,2.9
715,5.5,4.4,2.5,3.7,5.5,3.3,4.1,4.7,6.2,3.4,5.1,3.9,3.1,5.4,4.6,3.1,3.9,4.7
716,1.7,3.3,3.0,4.2,1.8,5.3,3.5,2.5,3.4,3.3,2.2,2.4,3.3,3.9,2.6,3.5,2.9,3.6
717,3.1,4.6,2.1,3.3,3.4,4.8,2.4,3.5,4.3,2.7,3.0,3.5,3.2,3.5,4.8,3.6,3.1,3.8
718,3.3,3.1,2.6,2.9,2.9,2.7,2.6,3.1,3.3,3.6,5.1,4.2,4.1,2.8,3.4,3.5,3.9,4.0
719,3.2,3.0,3.5,4.7,4.7,3.5,2.7,3.4,3.4,4.6,4.1,2.9,2.8,3.5,4.4,4.5,2.8,2.5
720,4.8,4.2,1.2,4.0,4.0,3.7,3.0,4.9,3.3,3.8,3.9,5.5,6.4,3.2,3.4,4.8,4.4,5.0
721,3.8,2.7,1.3,3.6,3.0,4.1,2.7,1.0,4.0,2.8,3.7,5.1,3.4,1.9,0.4,3.0,1.4,2.3
722,2.2,3.0,6.4,5.1,3.3,4.2,3.2,1.9,2.4,4.6,2.8,3.2,4.4,3.9,4.7,3.7,4.6,4.6
723,6.1,6.4,5.7,5.5,4.2,4.3,3.4,4.5,6.9,5.1,3.2,4.1,1.2,4.2,4.7,3.6,5.0,2.7
724,2.1,3.4,2.5,4.2,1.5,3.7,3.8,2.5,4.0,3.6,2.0,1.1,3.0,4.5,3.4,3.8,2.6,2.7
725,2.0,2.7,2.8,2.0,2.2,2.9,3.3,2.0,3.2,4.8,2.6,3.1,3.4,3.1,3.8,2.2,2.8,1.9
726,2.0,2.1,4.3,3.5,2.1,4.2,4.3,0.6,1.7,4.4,2.2,3.5,3.6,3.5,3.9,2.9,0.9,3.9
727,5.6,3.9,2.3,3.0,4.0,1.8,4.0,3.4,4.5,3.7,3.5,5.3,3.4,3.6,2.4,2.8,3.0,4.2
728,3.7,2.7,3.5,4.4,3.9,2.6,3.9,3.8,2.9,2.1,3.4,4.1,3.2,4.8,6.1,4.3,4.3,1.9
729,4.1,2.6,2.2,4.5,3.9,3.3,2.9,3.5,3.2,2.1,4.2,4.7,3.2,4.3,3.1,5.9,4.0,3.8
730,2.1,3.2,3.2,2.4,3.1,3.7,2.3,3.7,2.2,3.3,2.9,2.4,3.5,3.6,2.8,3.0,1.6,3.8
731,3.3,3.5,2.5,5.0,1.6,2.1,3.0,3.8,4.0,4.2,2.8,3.4,3.8,4.0,3.8,4.5,4.6,3.7
732,4.7,3.7,4.9,2.5,3.5,3.4,4.2,2.5,3.7,4.3,4.3,4.5,5.4,3.8,2.8,4.3,4.2,2.4
733,3.2,3.4,2.1,3.5,2.4,4.9,5.5,1.4,2.5,4.4,3.6,2.7,2.2,3.3,3.6,3.7,3.1,2.0
734,1.7,2.7,3.1,2.2,3.5,3.3,3.1,3.3,3.3,4.0,2.7,3.6,3.2,1.3,2.3,3.2,3.3,2.0
735,3.7,2.9,3.6,2.5,4.9,4.9,4.0,3.0,3.0,3.9,4.7,4.1,3.9,3.5,4.3,2.8,3.9,3.7
736,2.8,4.3,3.9,5.8,3.2,4.9,3.2,3.8,4.0,4.2,3.4,4.6,4.6,3.5,4.2,4.5,3.3,3.3
737,3.0,2.0,1.7,4.4,3.1,1.7,2.5,2.0,2.5,4.7,2.5,2.5,3.8,4.6,3.0,4.0,3.0,5.1
738,3.5,2.7,2.3,3.3,4.1,3.5,4.7,3.3,3.1,2.4,4.8,4.5,2.7,4.9,4.4,4.0,3.9,4.0
739,3.3,3.5,4.1,3.2,3.0,2.8,3.2,3.3,3.1,3.7,2.2,4.0,2.9,3.8,3.3,5.0,3.7,3.6
740,4.0,3.0,4.3,3.7,4.0,3.4,4.0,3.9,2.8,4.0,5.9,3.8,2.5,4.6,4.7,3.6,3.5,2.7
741,5.6,4.7,4.8,4.3,3.9,3.0,3.0,5.2,4.5,3.4,4.9,3.7,4.1,4.7,4.4,4.6,2.4,3.2
742,4.5,3.7,4.9,2.5,2.9,4.4,3.9,2.5,4.5,2.3,2.5,3.1,4.5,3.4,3.6,2.6,4.4,4.2
743,4.5,3.5,4.3,2.9,3.8,2.6,1.5,5.7,3.9,1.5,3.6,3.6,4.0,3.8,2.7,4.9,3.1,3.4
744,2.4,1.9,2.7,4.2,2.9,2.6,2.7,1.8,2.7,1.7,2.6,2.2,4.6,3.4,3.8,3.8,4.1,4.3
745,5.8,5.4,1.8,4.3,4.6,4.7,4.4,4.5,4.4,4.0,4.9,5.2,3.2,3.7,3.8,3.0,4.5,2.4
746,4.2,4.1,4.5,4.0,3.5,4.2,4.4,3.8,3.3,3.3,3.5,3.1,4.2,5.2,4.9,3.1,4.8,4.4
747,4.5,3.1,3.7,3.7,4.1,3.4,2.2,3.8,2.1,4.0,4.9,4.0,4.0,3.7,3.8,3.8,2.3,3.4
748,3.6,2.2,3.4,3.3,3.6,3.5,4.3,2.8,3.1,3.3,3.4,3.4,3.3,2.1,2.1,2.6,1.2,4.5
749,4.8,2.7,4.3,3.1,3.0,2.4,2.9,3.5,3.0,2.8,4.2,4.1,2.4,1.7,3.7,3.5,1.7,4.2
750,3.2,2.5,4.9,3.3,3.1,1.5,2.8,3.3,2.6,2.9,3.8,2.5,2.9,1.3,3.5,2.4,4.3,3.6
751,2.8,4.0,3.9,3.4,3.9,3.3,3.1,4.0,3.3,2.6,3.0,2.6,1.2,2.8,5.1,3.1,2.6,3.0
752,3.6,3.8,2.8,3.1,5.1,3.1,2.6,4.2,3.9,3.7,4.3,4.3,2.0,2.4,3.8,3.3,3.7,3.4
753,3.7,2.9,1.3,1.1,3.7,2.8,2.5,4.5,4.5,1.4,3.6,5.0,3.9,3.2,1.7,0.8,2.6,4.4
754,1.4,3.0,4.3,3.3,2.0,4.1,4.0,1.7,3.2,3.5,1.6,2.3,5.8,4.4,3.5,3.7,4.1,4.3
755,3.2,3.8,3.1,4.3,2.5,4.0,7.1,2.0,3.7,6.4,2.7,4.1,5.1,3.6,4.1,3.5,3.7,2.8
756,3.2,4.7,4.6,3.3,3.8,3.1,3.9,4.5,4.2,4.6,3.3,4.0,2.1,1.5,3.2,4.2,3.3,3.6
757,4.9,3.4,2.9,1.9,3.9,3.4,4.6,2.8,3.6,4.1,4.2,3.5,2.9,2.5,2.8,2.2,3.1,2.3
758,2.6,3.7,1.7,4.5,3.6,4.7,6.5,2.4,2.7,5.1,4.4,4.1,2.0,3.7,3.3,4.3,3.4,2.2
759,4.0,2.7,3.1,3.6,4.8,1.2,3.4,4.8,3.3,2.9,4.6,3.1,4.6,4.5,3.0,3.3,3.9,3.2
760,3.5,2.8,3.0,2.6,4.5,4.2,3.9,3.4,2.5,2.7,3.8,5.1,5.6,4.5,4.3,0.9,3.7,2.9
761,0.4,1.6,2.9,4.8,2.1,3.0,3.6,1.7,1.3,3.1,2.4,3.2,1.0,3.3,4.0,4.3,3.0,4.5
762,5.3,2.3,1.8,4.0,4.1,1.0,4.0,3.4,3.6,3.9,3.8,2.5,3.2,3.1,5.4,3.5,4.8,4.3
763,2.7,2.4,4.5,3.9,4.5,2.3,4.0,4.3,2.3,3.4,4.0,4.7,3.4,2.8,4.7,3.4,3.7,2.8
764,3.2,3.2,3.5,5.2,4.1,3.0,3.7,4.3,3.7,2.4,3.3,3.7,3.2,4.7,4.6,6.0,2.9,4.1
765,5.0,2.9,4.2,3.4,4.4,2.8,2.8,3.3,4.2,2.3,4.5,5.3,3.3,2.2,2.9,2.1,3.9,1.8
766,4.5,3.4,3.3,2.7,3.1,2.8,3.9,4.2,3.7,2.9,4.6,4.0,3.8,3.0,1.8,3.3,2.5,1.7
767,3.8,3.1,4.5,2.2,3.4,4.0,3.5,3.2,3.7,2.4,4.0,3.4,4.1,3.6,4.0,4.4,2.7,3.4
768,5.5,4.8,3.6,2.9,4.5,4.1,3.4,4.7,3.9,4.6,4.2,4.9,4.4,2.6,2.3,2.7,2.4,1.9
769,4.0,2.6,3.7,3.8,3.9,3.8,2.0,3.9,2.0,2.6,3.2,3.3,3.8,3.4,1.9,2.4,2.7,3.6
770,3.2,3.4,0.5,2.8,3.8,3.1,3.7,4.7,2.9,3.8,3.5,3.3,5.4,6.1,5.3,2.5,3.2,3.3
771,4.3,3.9,4.2,3.8,4.3,3.4,4.7,4.2,3.8,3.7,3.6,3.9,4.4,4.3,4.3,2.8,4.6,4.7
772,3.1,4.3,2.5,1.9,3.0,3.5,2.9,3.6,5.3,3.2,1.6,2.6,1.3,3.8,3.4,2.8,3.4,3.4
773,5.3,2.9,4.7,2.6,5.2,1.0,3.3,4.6,4.6,1.6,5.3,6.6,3.7,2.7,3.3,3.0,2.9,2.3
774,4.3,5.0,3.6,2.3,4.1,5.3,4.4,5.0,3.3,4.4,4.2,3.8,2.3,3.3,3.0,2.4,2.3,2.8
775,4.4,2.8,3.4,3.2,4.4,1.8,1.1,4.3,3.9,1.4,4.7,4.4,4.5,3.0,2.8,4.5,3.5,2.7
776,3.2,1.1,4.2,2.7,2.4,0.9,4.1,2.0,3.2,0.5,3.5,5.3,4.5,2.6,1.8,3.4,4.5,3.2
777,5.3,3.6,3.5,4.1,4.9,3.3,3.2,4.1,4.5,3.0,5.6,4.7,4.4,3.0,3.0,2.8,3.7,5.5
778,4.4,2.0,4.3,2.4,1.8,1.9,2.3,1.5,4.2,2.7,2.9,1.4,2.5,2.1,2.7,1.2,3.4,3.1
779,1.3,3.7,2.3,3.3,3.3,5.0,4.9,2.9,3.2,4.2,2.4,2.5,3.3,1.4,3.4,2.6,3.9,4.1
780,5.1,3.6,2.5,2.9,5.2,2.8,3.7,4.6,3.9,3.1,4.3,3.9,3.3,3.3,2.2,3.0,4.0,2.2
781,2.7,4.7,4.6,5.6,2.8,5.3,4.3,2.5,4.4,4.6,1.9,3.5,1.7,2.3,1.7,4.7,2.9,3.2
782,3.0,3.3,3.0,1.9,3.8,4.0,4.3,4.6,2.5,4.1,3.6,3.4,2.7,3.1,2.6,2.0,3.0,4.3
783,3.0,2.9,4.0,3.8,2.9,2.7,2.9,4.2,2.8,3.4,5.8,5.0,3.2,2.6,2.4,4.1,3.1,2.8
784,3.8,5.3,3.0,4.2,2.9,4.8,4.2,4.2,4.4,3.8,2.9,1.6,3.2,3.1,4.7,4.5,3.1,4.6
785,4.1,2.5,1.5,1.6,3.6,3.3,2.5,3.8,1.9,2.9,2.9,3.2,3.0,3.3,3.9,1.7,5.8,3.5
786,3.3,3.5,5.4,6.0,2.8,3.0,4.9,3.2,2.7,3.4,3.0,2.9,3.9,1.6,2.6,5.0,4.5,3.7
787,2.9,3.3,1.2,1.7,3.3,3.5,3.9,2.4,3.0,3.4,3.7,3.5,2.6,3.0,3.2,2.7,4.4,4.0
788,3.1,4.7,6.6,4.5,3.1,4.0,4.3,4.7,3.2,4.8,3.0,4.1,3.4,3.9,5.0,4.1,3.4,4.3
789,3.8,2.6,3.9,4.8,4.7,1.6,2.9,3.8,3.0,2.8,3.7,3.1,5.6,4.0,3.5,2.1,1.8,3.3
790,1.9,2.8,2.5,1.9,2.4,3.2,3.2,2.3,3.6,3.6,2.9,2.5,2.8,3.7,4.3,1.8,4.1,2.3
791,2.8,3.2,2.6,2.9,2.9,2.1,4.5,2.1,3.5,3.8,2.0,4.1,3.1,3.5,2.1,3.5,4.2,2.0
